trial,checkpoint,train_seed,saliency_method,loss_name,combo_name,val_acc_for_optim,val_saliency_loss,optim_value,test_acc,per_group,worst_group
0,/home/ryreu/guided_cnn/logsRedMeat/guided_redmeat_optim_grid_21069332/checkpoints/resnet50_redmeat_final_kl5_attn127_20260227_053107.pth,0,ig,fwd_kl,ig__fwd_kl,0.5936,1.4066373374938965,-1.928186924622863,64.8,64.8,33.6
0,/home/ryreu/guided_cnn/logsRedMeat/guided_redmeat_optim_grid_21069332/checkpoints/resnet50_redmeat_final_kl5_attn127_20260227_053107.pth,0,ig,rev_kl,ig__rev_kl,0.5936,9.648721118164062,-10.170270705293028,64.8,64.8,33.6
0,/home/ryreu/guided_cnn/logsRedMeat/guided_redmeat_optim_grid_21069332/checkpoints/resnet50_redmeat_final_kl5_attn127_20260227_053107.pth,0,ig,jsd,ig__jsd,0.5936,0.3264550262451172,-0.8480046133740835,64.8,64.8,33.6
0,/home/ryreu/guided_cnn/logsRedMeat/guided_redmeat_optim_grid_21069332/checkpoints/resnet50_redmeat_final_kl5_attn127_20260227_053107.pth,0,ig,bce_dice,ig__bce_dice,0.5936,0.9418108410835266,-1.463360428212493,64.8,64.8,33.6
0,/home/ryreu/guided_cnn/logsRedMeat/guided_redmeat_optim_grid_21069332/checkpoints/resnet50_redmeat_final_kl5_attn127_20260227_053107.pth,0,grad_abs,fwd_kl,grad_abs__fwd_kl,0.5936,1.3061206493377686,-1.827670236466735,64.8,64.8,33.6
0,/home/ryreu/guided_cnn/logsRedMeat/guided_redmeat_optim_grid_21069332/checkpoints/resnet50_redmeat_final_kl5_attn127_20260227_053107.pth,0,grad_abs,rev_kl,grad_abs__rev_kl,0.5936,9.51676361694336,-10.038313204072326,64.8,64.8,33.6
0,/home/ryreu/guided_cnn/logsRedMeat/guided_redmeat_optim_grid_21069332/checkpoints/resnet50_redmeat_final_kl5_attn127_20260227_053107.pth,0,grad_abs,jsd,grad_abs__jsd,0.5936,0.3158508002281189,-0.8374003873570852,64.8,64.8,33.6
0,/home/ryreu/guided_cnn/logsRedMeat/guided_redmeat_optim_grid_21069332/checkpoints/resnet50_redmeat_final_kl5_attn127_20260227_053107.pth,0,grad_abs,bce_dice,grad_abs__bce_dice,0.5936,0.8965072667121887,-1.418056853841155,64.8,64.8,33.6
0,/home/ryreu/guided_cnn/logsRedMeat/guided_redmeat_optim_grid_21069332/checkpoints/resnet50_redmeat_final_kl5_attn127_20260227_053107.pth,0,grad_x_input,fwd_kl,grad_x_input__fwd_kl,0.5936,1.4834591093063354,-2.0050086964353016,64.8,64.8,33.6
0,/home/ryreu/guided_cnn/logsRedMeat/guided_redmeat_optim_grid_21069332/checkpoints/resnet50_redmeat_final_kl5_attn127_20260227_053107.pth,0,grad_x_input,rev_kl,grad_x_input__rev_kl,0.5936,9.883951040649414,-10.40550062777838,64.8,64.8,33.6
0,/home/ryreu/guided_cnn/logsRedMeat/guided_redmeat_optim_grid_21069332/checkpoints/resnet50_redmeat_final_kl5_attn127_20260227_053107.pth,0,grad_x_input,jsd,grad_x_input__jsd,0.5936,0.33743366317749024,-0.8589832503064566,64.8,64.8,33.6
0,/home/ryreu/guided_cnn/logsRedMeat/guided_redmeat_optim_grid_21069332/checkpoints/resnet50_redmeat_final_kl5_attn127_20260227_053107.pth,0,grad_x_input,bce_dice,grad_x_input__bce_dice,0.5936,0.974277618598938,-1.4958272057279043,64.8,64.8,33.6
0,/home/ryreu/guided_cnn/logsRedMeat/guided_redmeat_optim_grid_21069332/checkpoints/resnet50_redmeat_final_kl5_attn127_20260227_053107.pth,0,smoothgrad,fwd_kl,smoothgrad__fwd_kl,0.5936,1.0502352388381957,-1.571784825967162,64.8,64.8,33.6
0,/home/ryreu/guided_cnn/logsRedMeat/guided_redmeat_optim_grid_21069332/checkpoints/resnet50_redmeat_final_kl5_attn127_20260227_053107.pth,0,smoothgrad,rev_kl,smoothgrad__rev_kl,0.5936,8.955843298339843,-9.47739288546881,64.8,64.8,33.6
0,/home/ryreu/guided_cnn/logsRedMeat/guided_redmeat_optim_grid_21069332/checkpoints/resnet50_redmeat_final_kl5_attn127_20260227_053107.pth,0,smoothgrad,jsd,smoothgrad__jsd,0.5936,0.2786733675956726,-0.800222954724639,64.8,64.8,33.6
0,/home/ryreu/guided_cnn/logsRedMeat/guided_redmeat_optim_grid_21069332/checkpoints/resnet50_redmeat_final_kl5_attn127_20260227_053107.pth,0,smoothgrad,bce_dice,smoothgrad__bce_dice,0.5936,0.717793846988678,-1.2393434341176444,64.8,64.8,33.6
0,/home/ryreu/guided_cnn/logsRedMeat/guided_redmeat_optim_grid_21069332/checkpoints/resnet50_redmeat_final_kl5_attn127_20260227_053107.pth,0,smoothgrad_x_input,fwd_kl,smoothgrad_x_input__fwd_kl,0.5936,1.1940827112197876,-1.715632298348754,64.8,64.8,33.6
0,/home/ryreu/guided_cnn/logsRedMeat/guided_redmeat_optim_grid_21069332/checkpoints/resnet50_redmeat_final_kl5_attn127_20260227_053107.pth,0,smoothgrad_x_input,rev_kl,smoothgrad_x_input__rev_kl,0.5936,9.258394772338868,-9.779944359467834,64.8,64.8,33.6
0,/home/ryreu/guided_cnn/logsRedMeat/guided_redmeat_optim_grid_21069332/checkpoints/resnet50_redmeat_final_kl5_attn127_20260227_053107.pth,0,smoothgrad_x_input,jsd,smoothgrad_x_input__jsd,0.5936,0.29806466550827027,-0.8196142526372366,64.8,64.8,33.6
0,/home/ryreu/guided_cnn/logsRedMeat/guided_redmeat_optim_grid_21069332/checkpoints/resnet50_redmeat_final_kl5_attn127_20260227_053107.pth,0,smoothgrad_x_input,bce_dice,smoothgrad_x_input__bce_dice,0.5936,0.7776561285018921,-1.2992057156308585,64.8,64.8,33.6
1,/home/ryreu/guided_cnn/logsRedMeat/guided_redmeat_optim_grid_21069332/checkpoints/resnet50_redmeat_final_kl290_attn95_20260227_055621.pth,0,ig,fwd_kl,ig__fwd_kl,0.56,1.3900463928222657,-1.9698648880752079,60.88,60.87999999999999,15.6
1,/home/ryreu/guided_cnn/logsRedMeat/guided_redmeat_optim_grid_21069332/checkpoints/resnet50_redmeat_final_kl290_attn95_20260227_055621.pth,0,ig,rev_kl,ig__rev_kl,0.56,9.726694992065429,-10.306513487318371,60.88,60.87999999999999,15.6
1,/home/ryreu/guided_cnn/logsRedMeat/guided_redmeat_optim_grid_21069332/checkpoints/resnet50_redmeat_final_kl290_attn95_20260227_055621.pth,0,ig,jsd,ig__jsd,0.56,0.32594535331726077,-0.9057638485702029,60.88,60.87999999999999,15.6
1,/home/ryreu/guided_cnn/logsRedMeat/guided_redmeat_optim_grid_21069332/checkpoints/resnet50_redmeat_final_kl290_attn95_20260227_055621.pth,0,ig,bce_dice,ig__bce_dice,0.56,0.9302258268356324,-1.5100443220885744,60.88,60.87999999999999,15.6
1,/home/ryreu/guided_cnn/logsRedMeat/guided_redmeat_optim_grid_21069332/checkpoints/resnet50_redmeat_final_kl290_attn95_20260227_055621.pth,0,grad_abs,fwd_kl,grad_abs__fwd_kl,0.56,1.3230284980773925,-1.9028469933303347,60.88,60.87999999999999,15.6
1,/home/ryreu/guided_cnn/logsRedMeat/guided_redmeat_optim_grid_21069332/checkpoints/resnet50_redmeat_final_kl290_attn95_20260227_055621.pth,0,grad_abs,rev_kl,grad_abs__rev_kl,0.56,9.456400708007813,-10.036219203260755,60.88,60.87999999999999,15.6
1,/home/ryreu/guided_cnn/logsRedMeat/guided_redmeat_optim_grid_21069332/checkpoints/resnet50_redmeat_final_kl290_attn95_20260227_055621.pth,0,grad_abs,jsd,grad_abs__jsd,0.56,0.3164274835586548,-0.8962459788115968,60.88,60.87999999999999,15.6
1,/home/ryreu/guided_cnn/logsRedMeat/guided_redmeat_optim_grid_21069332/checkpoints/resnet50_redmeat_final_kl290_attn95_20260227_055621.pth,0,grad_abs,bce_dice,grad_abs__bce_dice,0.56,0.9168289779663086,-1.4966474732192507,60.88,60.87999999999999,15.6
1,/home/ryreu/guided_cnn/logsRedMeat/guided_redmeat_optim_grid_21069332/checkpoints/resnet50_redmeat_final_kl290_attn95_20260227_055621.pth,0,grad_x_input,fwd_kl,grad_x_input__fwd_kl,0.56,1.4453167039871215,-2.0251351992400637,60.88,60.87999999999999,15.6
1,/home/ryreu/guided_cnn/logsRedMeat/guided_redmeat_optim_grid_21069332/checkpoints/resnet50_redmeat_final_kl290_attn95_20260227_055621.pth,0,grad_x_input,rev_kl,grad_x_input__rev_kl,0.56,9.638817974853515,-10.218636470106457,60.88,60.87999999999999,15.6
1,/home/ryreu/guided_cnn/logsRedMeat/guided_redmeat_optim_grid_21069332/checkpoints/resnet50_redmeat_final_kl290_attn95_20260227_055621.pth,0,grad_x_input,jsd,grad_x_input__jsd,0.56,0.32961275753974917,-0.9094312527926912,60.88,60.87999999999999,15.6
1,/home/ryreu/guided_cnn/logsRedMeat/guided_redmeat_optim_grid_21069332/checkpoints/resnet50_redmeat_final_kl290_attn95_20260227_055621.pth,0,grad_x_input,bce_dice,grad_x_input__bce_dice,0.56,0.9725600432395936,-1.5523785384925355,60.88,60.87999999999999,15.6
1,/home/ryreu/guided_cnn/logsRedMeat/guided_redmeat_optim_grid_21069332/checkpoints/resnet50_redmeat_final_kl290_attn95_20260227_055621.pth,0,smoothgrad,fwd_kl,smoothgrad__fwd_kl,0.56,1.2338947265625,-1.813713221815442,60.88,60.87999999999999,15.6
1,/home/ryreu/guided_cnn/logsRedMeat/guided_redmeat_optim_grid_21069332/checkpoints/resnet50_redmeat_final_kl290_attn95_20260227_055621.pth,0,smoothgrad,rev_kl,smoothgrad__rev_kl,0.56,9.674772192382813,-10.254590687635755,60.88,60.87999999999999,15.6
1,/home/ryreu/guided_cnn/logsRedMeat/guided_redmeat_optim_grid_21069332/checkpoints/resnet50_redmeat_final_kl290_attn95_20260227_055621.pth,0,smoothgrad,jsd,smoothgrad__jsd,0.56,0.31060905327796934,-0.8904275485309114,60.88,60.87999999999999,15.6
1,/home/ryreu/guided_cnn/logsRedMeat/guided_redmeat_optim_grid_21069332/checkpoints/resnet50_redmeat_final_kl290_attn95_20260227_055621.pth,0,smoothgrad,bce_dice,smoothgrad__bce_dice,0.56,0.836103823852539,-1.415922319105481,60.88,60.87999999999999,15.6
1,/home/ryreu/guided_cnn/logsRedMeat/guided_redmeat_optim_grid_21069332/checkpoints/resnet50_redmeat_final_kl290_attn95_20260227_055621.pth,0,smoothgrad_x_input,fwd_kl,smoothgrad_x_input__fwd_kl,0.56,1.349873917388916,-1.9296924126418582,60.88,60.87999999999999,15.6
1,/home/ryreu/guided_cnn/logsRedMeat/guided_redmeat_optim_grid_21069332/checkpoints/resnet50_redmeat_final_kl290_attn95_20260227_055621.pth,0,smoothgrad_x_input,rev_kl,smoothgrad_x_input__rev_kl,0.56,9.870953080749512,-10.450771576002454,60.88,60.87999999999999,15.6
1,/home/ryreu/guided_cnn/logsRedMeat/guided_redmeat_optim_grid_21069332/checkpoints/resnet50_redmeat_final_kl290_attn95_20260227_055621.pth,0,smoothgrad_x_input,jsd,smoothgrad_x_input__jsd,0.56,0.3237099504470825,-0.9035284457000246,60.88,60.87999999999999,15.6
1,/home/ryreu/guided_cnn/logsRedMeat/guided_redmeat_optim_grid_21069332/checkpoints/resnet50_redmeat_final_kl290_attn95_20260227_055621.pth,0,smoothgrad_x_input,bce_dice,smoothgrad_x_input__bce_dice,0.56,0.883186682510376,-1.4630051777633182,60.88,60.87999999999999,15.6
2,/home/ryreu/guided_cnn/logsRedMeat/guided_redmeat_optim_grid_21069332/checkpoints/resnet50_redmeat_final_kl159_attn83_20260227_062129.pth,0,ig,fwd_kl,ig__fwd_kl,0.5824,1.5441529127120972,-2.084750694811758,61.44,61.440000000000005,40.400000000000006
2,/home/ryreu/guided_cnn/logsRedMeat/guided_redmeat_optim_grid_21069332/checkpoints/resnet50_redmeat_final_kl159_attn83_20260227_062129.pth,0,ig,rev_kl,ig__rev_kl,0.5824,10.579589318847656,-11.120187100947318,61.44,61.440000000000005,40.400000000000006
2,/home/ryreu/guided_cnn/logsRedMeat/guided_redmeat_optim_grid_21069332/checkpoints/resnet50_redmeat_final_kl159_attn83_20260227_062129.pth,0,ig,jsd,ig__jsd,0.5824,0.35456598653793336,-0.8951637686375942,61.44,61.440000000000005,40.400000000000006
2,/home/ryreu/guided_cnn/logsRedMeat/guided_redmeat_optim_grid_21069332/checkpoints/resnet50_redmeat_final_kl159_attn83_20260227_062129.pth,0,ig,bce_dice,ig__bce_dice,0.5824,0.9689278755187988,-1.5095256576184597,61.44,61.440000000000005,40.400000000000006
2,/home/ryreu/guided_cnn/logsRedMeat/guided_redmeat_optim_grid_21069332/checkpoints/resnet50_redmeat_final_kl159_attn83_20260227_062129.pth,0,grad_abs,fwd_kl,grad_abs__fwd_kl,0.5824,1.446813046836853,-1.9874108289365138,61.44,61.440000000000005,40.400000000000006
2,/home/ryreu/guided_cnn/logsRedMeat/guided_redmeat_optim_grid_21069332/checkpoints/resnet50_redmeat_final_kl159_attn83_20260227_062129.pth,0,grad_abs,rev_kl,grad_abs__rev_kl,0.5824,10.674338815307618,-11.214936597407279,61.44,61.440000000000005,40.400000000000006
2,/home/ryreu/guided_cnn/logsRedMeat/guided_redmeat_optim_grid_21069332/checkpoints/resnet50_redmeat_final_kl159_attn83_20260227_062129.pth,0,grad_abs,jsd,grad_abs__jsd,0.5824,0.34840219917297366,-0.8889999812726345,61.44,61.440000000000005,40.400000000000006
2,/home/ryreu/guided_cnn/logsRedMeat/guided_redmeat_optim_grid_21069332/checkpoints/resnet50_redmeat_final_kl159_attn83_20260227_062129.pth,0,grad_abs,bce_dice,grad_abs__bce_dice,0.5824,0.9660821062088013,-1.506679888308462,61.44,61.440000000000005,40.400000000000006
2,/home/ryreu/guided_cnn/logsRedMeat/guided_redmeat_optim_grid_21069332/checkpoints/resnet50_redmeat_final_kl159_attn83_20260227_062129.pth,0,grad_x_input,fwd_kl,grad_x_input__fwd_kl,0.5824,1.603279052734375,-2.143876834834036,61.44,61.440000000000005,40.400000000000006
2,/home/ryreu/guided_cnn/logsRedMeat/guided_redmeat_optim_grid_21069332/checkpoints/resnet50_redmeat_final_kl159_attn83_20260227_062129.pth,0,grad_x_input,rev_kl,grad_x_input__rev_kl,0.5824,10.96964200592041,-11.51023978802007,61.44,61.440000000000005,40.400000000000006
2,/home/ryreu/guided_cnn/logsRedMeat/guided_redmeat_optim_grid_21069332/checkpoints/resnet50_redmeat_final_kl159_attn83_20260227_062129.pth,0,grad_x_input,jsd,grad_x_input__jsd,0.5824,0.3654884385108948,-0.9060862206105555,61.44,61.440000000000005,40.400000000000006
2,/home/ryreu/guided_cnn/logsRedMeat/guided_redmeat_optim_grid_21069332/checkpoints/resnet50_redmeat_final_kl159_attn83_20260227_062129.pth,0,grad_x_input,bce_dice,grad_x_input__bce_dice,0.5824,1.0433545482635498,-1.5839523303632106,61.44,61.440000000000005,40.400000000000006
2,/home/ryreu/guided_cnn/logsRedMeat/guided_redmeat_optim_grid_21069332/checkpoints/resnet50_redmeat_final_kl159_attn83_20260227_062129.pth,0,smoothgrad,fwd_kl,smoothgrad__fwd_kl,0.5824,1.2045542978286743,-1.745152079928335,61.44,61.440000000000005,40.400000000000006
2,/home/ryreu/guided_cnn/logsRedMeat/guided_redmeat_optim_grid_21069332/checkpoints/resnet50_redmeat_final_kl159_attn83_20260227_062129.pth,0,smoothgrad,rev_kl,smoothgrad__rev_kl,0.5824,10.030785501098633,-10.571383283198294,61.44,61.440000000000005,40.400000000000006
2,/home/ryreu/guided_cnn/logsRedMeat/guided_redmeat_optim_grid_21069332/checkpoints/resnet50_redmeat_final_kl159_attn83_20260227_062129.pth,0,smoothgrad,jsd,smoothgrad__jsd,0.5824,0.3141557544231415,-0.8547535365228023,61.44,61.440000000000005,40.400000000000006
2,/home/ryreu/guided_cnn/logsRedMeat/guided_redmeat_optim_grid_21069332/checkpoints/resnet50_redmeat_final_kl159_attn83_20260227_062129.pth,0,smoothgrad,bce_dice,smoothgrad__bce_dice,0.5824,0.7888921691894532,-1.3294899512891138,61.44,61.440000000000005,40.400000000000006
2,/home/ryreu/guided_cnn/logsRedMeat/guided_redmeat_optim_grid_21069332/checkpoints/resnet50_redmeat_final_kl159_attn83_20260227_062129.pth,0,smoothgrad_x_input,fwd_kl,smoothgrad_x_input__fwd_kl,0.5824,1.3376749660491942,-1.878272748148855,61.44,61.440000000000005,40.400000000000006
2,/home/ryreu/guided_cnn/logsRedMeat/guided_redmeat_optim_grid_21069332/checkpoints/resnet50_redmeat_final_kl159_attn83_20260227_062129.pth,0,smoothgrad_x_input,rev_kl,smoothgrad_x_input__rev_kl,0.5824,10.31419383239746,-10.854791614497122,61.44,61.440000000000005,40.400000000000006
2,/home/ryreu/guided_cnn/logsRedMeat/guided_redmeat_optim_grid_21069332/checkpoints/resnet50_redmeat_final_kl159_attn83_20260227_062129.pth,0,smoothgrad_x_input,jsd,smoothgrad_x_input__jsd,0.5824,0.3306781520843506,-0.8712759341840114,61.44,61.440000000000005,40.400000000000006
2,/home/ryreu/guided_cnn/logsRedMeat/guided_redmeat_optim_grid_21069332/checkpoints/resnet50_redmeat_final_kl159_attn83_20260227_062129.pth,0,smoothgrad_x_input,bce_dice,smoothgrad_x_input__bce_dice,0.5824,0.8426337606430053,-1.3832315427426662,61.44,61.440000000000005,40.400000000000006
3,/home/ryreu/guided_cnn/logsRedMeat/guided_redmeat_optim_grid_21069332/checkpoints/resnet50_redmeat_final_kl93_attn140_20260227_064620.pth,0,ig,fwd_kl,ig__fwd_kl,0.6128,1.395847130393982,-1.8855637909497374,66.32,66.32000000000001,36.4
3,/home/ryreu/guided_cnn/logsRedMeat/guided_redmeat_optim_grid_21069332/checkpoints/resnet50_redmeat_final_kl93_attn140_20260227_064620.pth,0,ig,rev_kl,ig__rev_kl,0.6128,9.521782681274415,-10.01149934183017,66.32,66.32000000000001,36.4
3,/home/ryreu/guided_cnn/logsRedMeat/guided_redmeat_optim_grid_21069332/checkpoints/resnet50_redmeat_final_kl93_attn140_20260227_064620.pth,0,ig,jsd,ig__jsd,0.6128,0.32393054370880126,-0.8136472042645567,66.32,66.32000000000001,36.4
3,/home/ryreu/guided_cnn/logsRedMeat/guided_redmeat_optim_grid_21069332/checkpoints/resnet50_redmeat_final_kl93_attn140_20260227_064620.pth,0,ig,bce_dice,ig__bce_dice,0.6128,0.9528875158309936,-1.442604176386749,66.32,66.32000000000001,36.4
3,/home/ryreu/guided_cnn/logsRedMeat/guided_redmeat_optim_grid_21069332/checkpoints/resnet50_redmeat_final_kl93_attn140_20260227_064620.pth,0,grad_abs,fwd_kl,grad_abs__fwd_kl,0.6128,1.278409672355652,-1.7681263329114074,66.32,66.32000000000001,36.4
3,/home/ryreu/guided_cnn/logsRedMeat/guided_redmeat_optim_grid_21069332/checkpoints/resnet50_redmeat_final_kl93_attn140_20260227_064620.pth,0,grad_abs,rev_kl,grad_abs__rev_kl,0.6128,9.93157699279785,-10.421293653353606,66.32,66.32000000000001,36.4
3,/home/ryreu/guided_cnn/logsRedMeat/guided_redmeat_optim_grid_21069332/checkpoints/resnet50_redmeat_final_kl93_attn140_20260227_064620.pth,0,grad_abs,jsd,grad_abs__jsd,0.6128,0.32010433568954466,-0.8098209962453001,66.32,66.32000000000001,36.4
3,/home/ryreu/guided_cnn/logsRedMeat/guided_redmeat_optim_grid_21069332/checkpoints/resnet50_redmeat_final_kl93_attn140_20260227_064620.pth,0,grad_abs,bce_dice,grad_abs__bce_dice,0.6128,1.4148276189804077,-1.9045442795361631,66.32,66.32000000000001,36.4
3,/home/ryreu/guided_cnn/logsRedMeat/guided_redmeat_optim_grid_21069332/checkpoints/resnet50_redmeat_final_kl93_attn140_20260227_064620.pth,0,grad_x_input,fwd_kl,grad_x_input__fwd_kl,0.6128,1.385114764213562,-1.8748314247693174,66.32,66.32000000000001,36.4
3,/home/ryreu/guided_cnn/logsRedMeat/guided_redmeat_optim_grid_21069332/checkpoints/resnet50_redmeat_final_kl93_attn140_20260227_064620.pth,0,grad_x_input,rev_kl,grad_x_input__rev_kl,0.6128,10.096059846496582,-10.585776507052337,66.32,66.32000000000001,36.4
3,/home/ryreu/guided_cnn/logsRedMeat/guided_redmeat_optim_grid_21069332/checkpoints/resnet50_redmeat_final_kl93_attn140_20260227_064620.pth,0,grad_x_input,jsd,grad_x_input__jsd,0.6128,0.3320985459327698,-0.8218152064885252,66.32,66.32000000000001,36.4
3,/home/ryreu/guided_cnn/logsRedMeat/guided_redmeat_optim_grid_21069332/checkpoints/resnet50_redmeat_final_kl93_attn140_20260227_064620.pth,0,grad_x_input,bce_dice,grad_x_input__bce_dice,0.6128,1.4689457870483398,-1.9586624476040952,66.32,66.32000000000001,36.4
3,/home/ryreu/guided_cnn/logsRedMeat/guided_redmeat_optim_grid_21069332/checkpoints/resnet50_redmeat_final_kl93_attn140_20260227_064620.pth,0,smoothgrad,fwd_kl,smoothgrad__fwd_kl,0.6128,1.1117271217346192,-1.6014437822903747,66.32,66.32000000000001,36.4
3,/home/ryreu/guided_cnn/logsRedMeat/guided_redmeat_optim_grid_21069332/checkpoints/resnet50_redmeat_final_kl93_attn140_20260227_064620.pth,0,smoothgrad,rev_kl,smoothgrad__rev_kl,0.6128,9.453298904418945,-9.9430155649747,66.32,66.32000000000001,36.4
3,/home/ryreu/guided_cnn/logsRedMeat/guided_redmeat_optim_grid_21069332/checkpoints/resnet50_redmeat_final_kl93_attn140_20260227_064620.pth,0,smoothgrad,jsd,smoothgrad__jsd,0.6128,0.29431934785842895,-0.7840360084141844,66.32,66.32000000000001,36.4
3,/home/ryreu/guided_cnn/logsRedMeat/guided_redmeat_optim_grid_21069332/checkpoints/resnet50_redmeat_final_kl93_attn140_20260227_064620.pth,0,smoothgrad,bce_dice,smoothgrad__bce_dice,0.6128,1.1345146501541137,-1.6242313107098691,66.32,66.32000000000001,36.4
3,/home/ryreu/guided_cnn/logsRedMeat/guided_redmeat_optim_grid_21069332/checkpoints/resnet50_redmeat_final_kl93_attn140_20260227_064620.pth,0,smoothgrad_x_input,fwd_kl,smoothgrad_x_input__fwd_kl,0.6128,1.2040367107391357,-1.6937533712948911,66.32,66.32000000000001,36.4
3,/home/ryreu/guided_cnn/logsRedMeat/guided_redmeat_optim_grid_21069332/checkpoints/resnet50_redmeat_final_kl93_attn140_20260227_064620.pth,0,smoothgrad_x_input,rev_kl,smoothgrad_x_input__rev_kl,0.6128,9.597063690185546,-10.086780350741302,66.32,66.32000000000001,36.4
3,/home/ryreu/guided_cnn/logsRedMeat/guided_redmeat_optim_grid_21069332/checkpoints/resnet50_redmeat_final_kl93_attn140_20260227_064620.pth,0,smoothgrad_x_input,jsd,smoothgrad_x_input__jsd,0.6128,0.30556774015426635,-0.7952844007100218,66.32,66.32000000000001,36.4
3,/home/ryreu/guided_cnn/logsRedMeat/guided_redmeat_optim_grid_21069332/checkpoints/resnet50_redmeat_final_kl93_attn140_20260227_064620.pth,0,smoothgrad_x_input,bce_dice,smoothgrad_x_input__bce_dice,0.6128,1.1801004653930665,-1.669817125948822,66.32,66.32000000000001,36.4
4,/home/ryreu/guided_cnn/logsRedMeat/guided_redmeat_optim_grid_21069332/checkpoints/resnet50_redmeat_final_kl13_attn12_20260227_071126.pth,0,ig,fwd_kl,ig__fwd_kl,0.5784,1.5194666431427002,-2.066956251280282,61.12,61.12,32.0
4,/home/ryreu/guided_cnn/logsRedMeat/guided_redmeat_optim_grid_21069332/checkpoints/resnet50_redmeat_final_kl13_attn12_20260227_071126.pth,0,ig,rev_kl,ig__rev_kl,0.5784,10.45918964996338,-11.006679258100961,61.12,61.12,32.0
4,/home/ryreu/guided_cnn/logsRedMeat/guided_redmeat_optim_grid_21069332/checkpoints/resnet50_redmeat_final_kl13_attn12_20260227_071126.pth,0,ig,jsd,ig__jsd,0.5784,0.3498302587509155,-0.8973198668884976,61.12,61.12,32.0
4,/home/ryreu/guided_cnn/logsRedMeat/guided_redmeat_optim_grid_21069332/checkpoints/resnet50_redmeat_final_kl13_attn12_20260227_071126.pth,0,ig,bce_dice,ig__bce_dice,0.5784,0.9581995092391967,-1.5056891173767788,61.12,61.12,32.0
4,/home/ryreu/guided_cnn/logsRedMeat/guided_redmeat_optim_grid_21069332/checkpoints/resnet50_redmeat_final_kl13_attn12_20260227_071126.pth,0,grad_abs,fwd_kl,grad_abs__fwd_kl,0.5784,1.438344376373291,-1.9858339845108732,61.12,61.12,32.0
4,/home/ryreu/guided_cnn/logsRedMeat/guided_redmeat_optim_grid_21069332/checkpoints/resnet50_redmeat_final_kl13_attn12_20260227_071126.pth,0,grad_abs,rev_kl,grad_abs__rev_kl,0.5784,10.449728085327148,-10.99721769346473,61.12,61.12,32.0
4,/home/ryreu/guided_cnn/logsRedMeat/guided_redmeat_optim_grid_21069332/checkpoints/resnet50_redmeat_final_kl13_attn12_20260227_071126.pth,0,grad_abs,jsd,grad_abs__jsd,0.5784,0.3439807185649872,-0.8914703267025692,61.12,61.12,32.0
4,/home/ryreu/guided_cnn/logsRedMeat/guided_redmeat_optim_grid_21069332/checkpoints/resnet50_redmeat_final_kl13_attn12_20260227_071126.pth,0,grad_abs,bce_dice,grad_abs__bce_dice,0.5784,0.9140514777183533,-1.4615410858559352,61.12,61.12,32.0
4,/home/ryreu/guided_cnn/logsRedMeat/guided_redmeat_optim_grid_21069332/checkpoints/resnet50_redmeat_final_kl13_attn12_20260227_071126.pth,0,grad_x_input,fwd_kl,grad_x_input__fwd_kl,0.5784,1.623872227859497,-2.171361835997079,61.12,61.12,32.0
4,/home/ryreu/guided_cnn/logsRedMeat/guided_redmeat_optim_grid_21069332/checkpoints/resnet50_redmeat_final_kl13_attn12_20260227_071126.pth,0,grad_x_input,rev_kl,grad_x_input__rev_kl,0.5784,10.818035856628418,-11.365525464766,61.12,61.12,32.0
4,/home/ryreu/guided_cnn/logsRedMeat/guided_redmeat_optim_grid_21069332/checkpoints/resnet50_redmeat_final_kl13_attn12_20260227_071126.pth,0,grad_x_input,jsd,grad_x_input__jsd,0.5784,0.3650296751976013,-0.9125192833351834,61.12,61.12,32.0
4,/home/ryreu/guided_cnn/logsRedMeat/guided_redmeat_optim_grid_21069332/checkpoints/resnet50_redmeat_final_kl13_attn12_20260227_071126.pth,0,grad_x_input,bce_dice,grad_x_input__bce_dice,0.5784,0.9946415870666504,-1.5421311952042325,61.12,61.12,32.0
4,/home/ryreu/guided_cnn/logsRedMeat/guided_redmeat_optim_grid_21069332/checkpoints/resnet50_redmeat_final_kl13_attn12_20260227_071126.pth,0,smoothgrad,fwd_kl,smoothgrad__fwd_kl,0.5784,1.1594979030609132,-1.7069875111984953,61.12,61.12,32.0
4,/home/ryreu/guided_cnn/logsRedMeat/guided_redmeat_optim_grid_21069332/checkpoints/resnet50_redmeat_final_kl13_attn12_20260227_071126.pth,0,smoothgrad,rev_kl,smoothgrad__rev_kl,0.5784,9.772973461914063,-10.320463070051645,61.12,61.12,32.0
4,/home/ryreu/guided_cnn/logsRedMeat/guided_redmeat_optim_grid_21069332/checkpoints/resnet50_redmeat_final_kl13_attn12_20260227_071126.pth,0,smoothgrad,jsd,smoothgrad__jsd,0.5784,0.30455694103240966,-0.8520465491699918,61.12,61.12,32.0
4,/home/ryreu/guided_cnn/logsRedMeat/guided_redmeat_optim_grid_21069332/checkpoints/resnet50_redmeat_final_kl13_attn12_20260227_071126.pth,0,smoothgrad,bce_dice,smoothgrad__bce_dice,0.5784,0.7233166854858398,-1.270806293623422,61.12,61.12,32.0
4,/home/ryreu/guided_cnn/logsRedMeat/guided_redmeat_optim_grid_21069332/checkpoints/resnet50_redmeat_final_kl13_attn12_20260227_071126.pth,0,smoothgrad_x_input,fwd_kl,smoothgrad_x_input__fwd_kl,0.5784,1.3100405529022217,-1.8575301610398038,61.12,61.12,32.0
4,/home/ryreu/guided_cnn/logsRedMeat/guided_redmeat_optim_grid_21069332/checkpoints/resnet50_redmeat_final_kl13_attn12_20260227_071126.pth,0,smoothgrad_x_input,rev_kl,smoothgrad_x_input__rev_kl,0.5784,10.087822727966309,-10.63531233610389,61.12,61.12,32.0
4,/home/ryreu/guided_cnn/logsRedMeat/guided_redmeat_optim_grid_21069332/checkpoints/resnet50_redmeat_final_kl13_attn12_20260227_071126.pth,0,smoothgrad_x_input,jsd,smoothgrad_x_input__jsd,0.5784,0.3237995916366577,-0.8712891997742398,61.12,61.12,32.0
4,/home/ryreu/guided_cnn/logsRedMeat/guided_redmeat_optim_grid_21069332/checkpoints/resnet50_redmeat_final_kl13_attn12_20260227_071126.pth,0,smoothgrad_x_input,bce_dice,smoothgrad_x_input__bce_dice,0.5784,0.7838724477767944,-1.3313620559143766,61.12,61.12,32.0
5,/home/ryreu/guided_cnn/logsRedMeat/guided_redmeat_optim_grid_21069332/checkpoints/resnet50_redmeat_final_kl55_attn44_20260227_073630.pth,0,ig,fwd_kl,ig__fwd_kl,0.304,1.7745878303527831,-2.9653154079286983,29.92,29.92,0.4
5,/home/ryreu/guided_cnn/logsRedMeat/guided_redmeat_optim_grid_21069332/checkpoints/resnet50_redmeat_final_kl55_attn44_20260227_073630.pth,0,ig,rev_kl,ig__rev_kl,0.304,10.278867321777344,-11.46959489935326,29.92,29.92,0.4
5,/home/ryreu/guided_cnn/logsRedMeat/guided_redmeat_optim_grid_21069332/checkpoints/resnet50_redmeat_final_kl55_attn44_20260227_073630.pth,0,ig,jsd,ig__jsd,0.304,0.3705885449409485,-1.561316122516864,29.92,29.92,0.4
5,/home/ryreu/guided_cnn/logsRedMeat/guided_redmeat_optim_grid_21069332/checkpoints/resnet50_redmeat_final_kl55_attn44_20260227_073630.pth,0,ig,bce_dice,ig__bce_dice,0.304,1.1128654954910278,-2.303593073066943,29.92,29.92,0.4
5,/home/ryreu/guided_cnn/logsRedMeat/guided_redmeat_optim_grid_21069332/checkpoints/resnet50_redmeat_final_kl55_attn44_20260227_073630.pth,0,grad_abs,fwd_kl,grad_abs__fwd_kl,0.304,1.7537283069610596,-2.944455884536975,29.92,29.92,0.4
5,/home/ryreu/guided_cnn/logsRedMeat/guided_redmeat_optim_grid_21069332/checkpoints/resnet50_redmeat_final_kl55_attn44_20260227_073630.pth,0,grad_abs,rev_kl,grad_abs__rev_kl,0.304,10.070703077697754,-11.261430655273669,29.92,29.92,0.4
5,/home/ryreu/guided_cnn/logsRedMeat/guided_redmeat_optim_grid_21069332/checkpoints/resnet50_redmeat_final_kl55_attn44_20260227_073630.pth,0,grad_abs,jsd,grad_abs__jsd,0.304,0.36697615194320676,-1.557703729519122,29.92,29.92,0.4
5,/home/ryreu/guided_cnn/logsRedMeat/guided_redmeat_optim_grid_21069332/checkpoints/resnet50_redmeat_final_kl55_attn44_20260227_073630.pth,0,grad_abs,bce_dice,grad_abs__bce_dice,0.304,1.1335364807128907,-2.324264058288806,29.92,29.92,0.4
5,/home/ryreu/guided_cnn/logsRedMeat/guided_redmeat_optim_grid_21069332/checkpoints/resnet50_redmeat_final_kl55_attn44_20260227_073630.pth,0,grad_x_input,fwd_kl,grad_x_input__fwd_kl,0.304,1.8934000942230225,-3.084127671798938,29.92,29.92,0.4
5,/home/ryreu/guided_cnn/logsRedMeat/guided_redmeat_optim_grid_21069332/checkpoints/resnet50_redmeat_final_kl55_attn44_20260227_073630.pth,0,grad_x_input,rev_kl,grad_x_input__rev_kl,0.304,10.318804263305664,-11.509531840881579,29.92,29.92,0.4
5,/home/ryreu/guided_cnn/logsRedMeat/guided_redmeat_optim_grid_21069332/checkpoints/resnet50_redmeat_final_kl55_attn44_20260227_073630.pth,0,grad_x_input,jsd,grad_x_input__jsd,0.304,0.3801623826980591,-1.5708899602739745,29.92,29.92,0.4
5,/home/ryreu/guided_cnn/logsRedMeat/guided_redmeat_optim_grid_21069332/checkpoints/resnet50_redmeat_final_kl55_attn44_20260227_073630.pth,0,grad_x_input,bce_dice,grad_x_input__bce_dice,0.304,1.1769967111587525,-2.367724288734668,29.92,29.92,0.4
5,/home/ryreu/guided_cnn/logsRedMeat/guided_redmeat_optim_grid_21069332/checkpoints/resnet50_redmeat_final_kl55_attn44_20260227_073630.pth,0,smoothgrad,fwd_kl,smoothgrad__fwd_kl,0.304,1.6256839370727538,-2.816411514648669,29.92,29.92,0.4
5,/home/ryreu/guided_cnn/logsRedMeat/guided_redmeat_optim_grid_21069332/checkpoints/resnet50_redmeat_final_kl55_attn44_20260227_073630.pth,0,smoothgrad,rev_kl,smoothgrad__rev_kl,0.304,10.120971438598632,-11.311699016174547,29.92,29.92,0.4
5,/home/ryreu/guided_cnn/logsRedMeat/guided_redmeat_optim_grid_21069332/checkpoints/resnet50_redmeat_final_kl55_attn44_20260227_073630.pth,0,smoothgrad,jsd,smoothgrad__jsd,0.304,0.3560292418003082,-1.5467568193762236,29.92,29.92,0.4
5,/home/ryreu/guided_cnn/logsRedMeat/guided_redmeat_optim_grid_21069332/checkpoints/resnet50_redmeat_final_kl55_attn44_20260227_073630.pth,0,smoothgrad,bce_dice,smoothgrad__bce_dice,0.304,1.0727140606880188,-2.2634416382639344,29.92,29.92,0.4
5,/home/ryreu/guided_cnn/logsRedMeat/guided_redmeat_optim_grid_21069332/checkpoints/resnet50_redmeat_final_kl55_attn44_20260227_073630.pth,0,smoothgrad_x_input,fwd_kl,smoothgrad_x_input__fwd_kl,0.304,1.7563988563537598,-2.947126433929675,29.92,29.92,0.4
5,/home/ryreu/guided_cnn/logsRedMeat/guided_redmeat_optim_grid_21069332/checkpoints/resnet50_redmeat_final_kl55_attn44_20260227_073630.pth,0,smoothgrad_x_input,rev_kl,smoothgrad_x_input__rev_kl,0.304,10.35561176147461,-11.546339339050524,29.92,29.92,0.4
5,/home/ryreu/guided_cnn/logsRedMeat/guided_redmeat_optim_grid_21069332/checkpoints/resnet50_redmeat_final_kl55_attn44_20260227_073630.pth,0,smoothgrad_x_input,jsd,smoothgrad_x_input__jsd,0.304,0.36864150176048277,-1.5593690793363981,29.92,29.92,0.4
5,/home/ryreu/guided_cnn/logsRedMeat/guided_redmeat_optim_grid_21069332/checkpoints/resnet50_redmeat_final_kl55_attn44_20260227_073630.pth,0,smoothgrad_x_input,bce_dice,smoothgrad_x_input__bce_dice,0.304,1.1098871265411376,-2.300614704117053,29.92,29.92,0.4
6,/home/ryreu/guided_cnn/logsRedMeat/guided_redmeat_optim_grid_21069332/checkpoints/resnet50_redmeat_final_kl70_attn120_20260227_080140.pth,0,ig,fwd_kl,ig__fwd_kl,0.6456,1.226118883895874,-1.6636940459222722,68.24,68.24,40.8
6,/home/ryreu/guided_cnn/logsRedMeat/guided_redmeat_optim_grid_21069332/checkpoints/resnet50_redmeat_final_kl70_attn120_20260227_080140.pth,0,ig,rev_kl,ig__rev_kl,0.6456,8.25312836303711,-8.690703525063508,68.24,68.24,40.8
6,/home/ryreu/guided_cnn/logsRedMeat/guided_redmeat_optim_grid_21069332/checkpoints/resnet50_redmeat_final_kl70_attn120_20260227_080140.pth,0,ig,jsd,ig__jsd,0.6456,0.2878196056365967,-0.7253947676629948,68.24,68.24,40.8
6,/home/ryreu/guided_cnn/logsRedMeat/guided_redmeat_optim_grid_21069332/checkpoints/resnet50_redmeat_final_kl70_attn120_20260227_080140.pth,0,ig,bce_dice,ig__bce_dice,0.6456,0.9384337396621704,-1.3760089016885684,68.24,68.24,40.8
6,/home/ryreu/guided_cnn/logsRedMeat/guided_redmeat_optim_grid_21069332/checkpoints/resnet50_redmeat_final_kl70_attn120_20260227_080140.pth,0,grad_abs,fwd_kl,grad_abs__fwd_kl,0.6456,1.118138780593872,-1.5557139426202702,68.24,68.24,40.8
6,/home/ryreu/guided_cnn/logsRedMeat/guided_redmeat_optim_grid_21069332/checkpoints/resnet50_redmeat_final_kl70_attn120_20260227_080140.pth,0,grad_abs,rev_kl,grad_abs__rev_kl,0.6456,7.919997698974609,-8.357572861001007,68.24,68.24,40.8
6,/home/ryreu/guided_cnn/logsRedMeat/guided_redmeat_optim_grid_21069332/checkpoints/resnet50_redmeat_final_kl70_attn120_20260227_080140.pth,0,grad_abs,jsd,grad_abs__jsd,0.6456,0.2720235053062439,-0.709598667332642,68.24,68.24,40.8
6,/home/ryreu/guided_cnn/logsRedMeat/guided_redmeat_optim_grid_21069332/checkpoints/resnet50_redmeat_final_kl70_attn120_20260227_080140.pth,0,grad_abs,bce_dice,grad_abs__bce_dice,0.6456,0.8924207698822022,-1.3299959319086003,68.24,68.24,40.8
6,/home/ryreu/guided_cnn/logsRedMeat/guided_redmeat_optim_grid_21069332/checkpoints/resnet50_redmeat_final_kl70_attn120_20260227_080140.pth,0,grad_x_input,fwd_kl,grad_x_input__fwd_kl,0.6456,1.2546116926193238,-1.692186854645722,68.24,68.24,40.8
6,/home/ryreu/guided_cnn/logsRedMeat/guided_redmeat_optim_grid_21069332/checkpoints/resnet50_redmeat_final_kl70_attn120_20260227_080140.pth,0,grad_x_input,rev_kl,grad_x_input__rev_kl,0.6456,8.092904275512696,-8.530479437539094,68.24,68.24,40.8
6,/home/ryreu/guided_cnn/logsRedMeat/guided_redmeat_optim_grid_21069332/checkpoints/resnet50_redmeat_final_kl70_attn120_20260227_080140.pth,0,grad_x_input,jsd,grad_x_input__jsd,0.6456,0.28884993195533754,-0.7264250939817356,68.24,68.24,40.8
6,/home/ryreu/guided_cnn/logsRedMeat/guided_redmeat_optim_grid_21069332/checkpoints/resnet50_redmeat_final_kl70_attn120_20260227_080140.pth,0,grad_x_input,bce_dice,grad_x_input__bce_dice,0.6456,0.9579948774337769,-1.3955700394601749,68.24,68.24,40.8
6,/home/ryreu/guided_cnn/logsRedMeat/guided_redmeat_optim_grid_21069332/checkpoints/resnet50_redmeat_final_kl70_attn120_20260227_080140.pth,0,smoothgrad,fwd_kl,smoothgrad__fwd_kl,0.6456,0.9870076712608338,-1.424582833287232,68.24,68.24,40.8
6,/home/ryreu/guided_cnn/logsRedMeat/guided_redmeat_optim_grid_21069332/checkpoints/resnet50_redmeat_final_kl70_attn120_20260227_080140.pth,0,smoothgrad,rev_kl,smoothgrad__rev_kl,0.6456,8.06604907836914,-8.503624240395538,68.24,68.24,40.8
6,/home/ryreu/guided_cnn/logsRedMeat/guided_redmeat_optim_grid_21069332/checkpoints/resnet50_redmeat_final_kl70_attn120_20260227_080140.pth,0,smoothgrad,jsd,smoothgrad__jsd,0.6456,0.2572381387710571,-0.6948133007974552,68.24,68.24,40.8
6,/home/ryreu/guided_cnn/logsRedMeat/guided_redmeat_optim_grid_21069332/checkpoints/resnet50_redmeat_final_kl70_attn120_20260227_080140.pth,0,smoothgrad,bce_dice,smoothgrad__bce_dice,0.6456,0.7620198809623718,-1.1995950429887698,68.24,68.24,40.8
6,/home/ryreu/guided_cnn/logsRedMeat/guided_redmeat_optim_grid_21069332/checkpoints/resnet50_redmeat_final_kl70_attn120_20260227_080140.pth,0,smoothgrad_x_input,fwd_kl,smoothgrad_x_input__fwd_kl,0.6456,1.1094405221939088,-1.5470156842203069,68.24,68.24,40.8
6,/home/ryreu/guided_cnn/logsRedMeat/guided_redmeat_optim_grid_21069332/checkpoints/resnet50_redmeat_final_kl70_attn120_20260227_080140.pth,0,smoothgrad_x_input,rev_kl,smoothgrad_x_input__rev_kl,0.6456,8.235267903137206,-8.672843065163605,68.24,68.24,40.8
6,/home/ryreu/guided_cnn/logsRedMeat/guided_redmeat_optim_grid_21069332/checkpoints/resnet50_redmeat_final_kl70_attn120_20260227_080140.pth,0,smoothgrad_x_input,jsd,smoothgrad_x_input__jsd,0.6456,0.2731666048526764,-0.7107417668790745,68.24,68.24,40.8
6,/home/ryreu/guided_cnn/logsRedMeat/guided_redmeat_optim_grid_21069332/checkpoints/resnet50_redmeat_final_kl70_attn120_20260227_080140.pth,0,smoothgrad_x_input,bce_dice,smoothgrad_x_input__bce_dice,0.6456,0.8190838271141052,-1.2566589891405033,68.24,68.24,40.8
7,/home/ryreu/guided_cnn/logsRedMeat/guided_redmeat_optim_grid_21069332/checkpoints/resnet50_redmeat_final_kl2_attn147_20260227_082643.pth,0,ig,fwd_kl,ig__fwd_kl,0.6016,1.269885877418518,-1.778048383765025,65.04,65.03999999999999,49.2
7,/home/ryreu/guided_cnn/logsRedMeat/guided_redmeat_optim_grid_21069332/checkpoints/resnet50_redmeat_final_kl2_attn147_20260227_082643.pth,0,ig,rev_kl,ig__rev_kl,0.6016,8.607774897766113,-9.11593740411262,65.04,65.03999999999999,49.2
7,/home/ryreu/guided_cnn/logsRedMeat/guided_redmeat_optim_grid_21069332/checkpoints/resnet50_redmeat_final_kl2_attn147_20260227_082643.pth,0,ig,jsd,ig__jsd,0.6016,0.2971573422908783,-0.8053198486373853,65.04,65.03999999999999,49.2
7,/home/ryreu/guided_cnn/logsRedMeat/guided_redmeat_optim_grid_21069332/checkpoints/resnet50_redmeat_final_kl2_attn147_20260227_082643.pth,0,ig,bce_dice,ig__bce_dice,0.6016,0.9625660331726075,-1.4707285395191145,65.04,65.03999999999999,49.2
7,/home/ryreu/guided_cnn/logsRedMeat/guided_redmeat_optim_grid_21069332/checkpoints/resnet50_redmeat_final_kl2_attn147_20260227_082643.pth,0,grad_abs,fwd_kl,grad_abs__fwd_kl,0.6016,1.0780582859039307,-1.5862207922504377,65.04,65.03999999999999,49.2
7,/home/ryreu/guided_cnn/logsRedMeat/guided_redmeat_optim_grid_21069332/checkpoints/resnet50_redmeat_final_kl2_attn147_20260227_082643.pth,0,grad_abs,rev_kl,grad_abs__rev_kl,0.6016,7.992771563720703,-8.50093407006721,65.04,65.03999999999999,49.2
7,/home/ryreu/guided_cnn/logsRedMeat/guided_redmeat_optim_grid_21069332/checkpoints/resnet50_redmeat_final_kl2_attn147_20260227_082643.pth,0,grad_abs,jsd,grad_abs__jsd,0.6016,0.26837500524520874,-0.7765375115917157,65.04,65.03999999999999,49.2
7,/home/ryreu/guided_cnn/logsRedMeat/guided_redmeat_optim_grid_21069332/checkpoints/resnet50_redmeat_final_kl2_attn147_20260227_082643.pth,0,grad_abs,bce_dice,grad_abs__bce_dice,0.6016,0.9384486040115356,-1.4466111103580426,65.04,65.03999999999999,49.2
7,/home/ryreu/guided_cnn/logsRedMeat/guided_redmeat_optim_grid_21069332/checkpoints/resnet50_redmeat_final_kl2_attn147_20260227_082643.pth,0,grad_x_input,fwd_kl,grad_x_input__fwd_kl,0.6016,1.182535262298584,-1.690697768645091,65.04,65.03999999999999,49.2
7,/home/ryreu/guided_cnn/logsRedMeat/guided_redmeat_optim_grid_21069332/checkpoints/resnet50_redmeat_final_kl2_attn147_20260227_082643.pth,0,grad_x_input,rev_kl,grad_x_input__rev_kl,0.6016,8.100492684936523,-8.60865519128303,65.04,65.03999999999999,49.2
7,/home/ryreu/guided_cnn/logsRedMeat/guided_redmeat_optim_grid_21069332/checkpoints/resnet50_redmeat_final_kl2_attn147_20260227_082643.pth,0,grad_x_input,jsd,grad_x_input__jsd,0.6016,0.2812034036636353,-0.7893659100101422,65.04,65.03999999999999,49.2
7,/home/ryreu/guided_cnn/logsRedMeat/guided_redmeat_optim_grid_21069332/checkpoints/resnet50_redmeat_final_kl2_attn147_20260227_082643.pth,0,grad_x_input,bce_dice,grad_x_input__bce_dice,0.6016,0.9942720102310181,-1.502434516577525,65.04,65.03999999999999,49.2
7,/home/ryreu/guided_cnn/logsRedMeat/guided_redmeat_optim_grid_21069332/checkpoints/resnet50_redmeat_final_kl2_attn147_20260227_082643.pth,0,smoothgrad,fwd_kl,smoothgrad__fwd_kl,0.6016,0.9691480284690857,-1.4773105348155926,65.04,65.03999999999999,49.2
7,/home/ryreu/guided_cnn/logsRedMeat/guided_redmeat_optim_grid_21069332/checkpoints/resnet50_redmeat_final_kl2_attn147_20260227_082643.pth,0,smoothgrad,rev_kl,smoothgrad__rev_kl,0.6016,8.006896697998046,-8.515059204344553,65.04,65.03999999999999,49.2
7,/home/ryreu/guided_cnn/logsRedMeat/guided_redmeat_optim_grid_21069332/checkpoints/resnet50_redmeat_final_kl2_attn147_20260227_082643.pth,0,smoothgrad,jsd,smoothgrad__jsd,0.6016,0.2548532000541687,-0.7630157064006757,65.04,65.03999999999999,49.2
7,/home/ryreu/guided_cnn/logsRedMeat/guided_redmeat_optim_grid_21069332/checkpoints/resnet50_redmeat_final_kl2_attn147_20260227_082643.pth,0,smoothgrad,bce_dice,smoothgrad__bce_dice,0.6016,0.8448577634811402,-1.3530202698276472,65.04,65.03999999999999,49.2
7,/home/ryreu/guided_cnn/logsRedMeat/guided_redmeat_optim_grid_21069332/checkpoints/resnet50_redmeat_final_kl2_attn147_20260227_082643.pth,0,smoothgrad_x_input,fwd_kl,smoothgrad_x_input__fwd_kl,0.6016,1.073302786064148,-1.581465292410655,65.04,65.03999999999999,49.2
7,/home/ryreu/guided_cnn/logsRedMeat/guided_redmeat_optim_grid_21069332/checkpoints/resnet50_redmeat_final_kl2_attn147_20260227_082643.pth,0,smoothgrad_x_input,rev_kl,smoothgrad_x_input__rev_kl,0.6016,8.133296647644043,-8.64145915399055,65.04,65.03999999999999,49.2
7,/home/ryreu/guided_cnn/logsRedMeat/guided_redmeat_optim_grid_21069332/checkpoints/resnet50_redmeat_final_kl2_attn147_20260227_082643.pth,0,smoothgrad_x_input,jsd,smoothgrad_x_input__jsd,0.6016,0.26839599351882937,-0.7765584998653363,65.04,65.03999999999999,49.2
7,/home/ryreu/guided_cnn/logsRedMeat/guided_redmeat_optim_grid_21069332/checkpoints/resnet50_redmeat_final_kl2_attn147_20260227_082643.pth,0,smoothgrad_x_input,bce_dice,smoothgrad_x_input__bce_dice,0.6016,0.8966471416473388,-1.404809647993846,65.04,65.03999999999999,49.2
8,/home/ryreu/guided_cnn/logsRedMeat/guided_redmeat_optim_grid_21069332/checkpoints/resnet50_redmeat_final_kl251_attn63_20260227_085149.pth,0,ig,fwd_kl,ig__fwd_kl,0.3424,1.5291050323486328,-2.600880667063183,33.92,33.92,12.0
8,/home/ryreu/guided_cnn/logsRedMeat/guided_redmeat_optim_grid_21069332/checkpoints/resnet50_redmeat_final_kl251_attn63_20260227_085149.pth,0,ig,rev_kl,ig__rev_kl,0.3424,9.774095388793945,-10.845871023508495,33.92,33.92,12.0
8,/home/ryreu/guided_cnn/logsRedMeat/guided_redmeat_optim_grid_21069332/checkpoints/resnet50_redmeat_final_kl251_attn63_20260227_085149.pth,0,ig,jsd,ig__jsd,0.3424,0.3405038076400757,-1.4122794423546259,33.92,33.92,12.0
8,/home/ryreu/guided_cnn/logsRedMeat/guided_redmeat_optim_grid_21069332/checkpoints/resnet50_redmeat_final_kl251_attn63_20260227_085149.pth,0,ig,bce_dice,ig__bce_dice,0.3424,1.008528974723816,-2.0803046094383664,33.92,33.92,12.0
8,/home/ryreu/guided_cnn/logsRedMeat/guided_redmeat_optim_grid_21069332/checkpoints/resnet50_redmeat_final_kl251_attn63_20260227_085149.pth,0,grad_abs,fwd_kl,grad_abs__fwd_kl,0.3424,1.6131776916503906,-2.6849533263649406,33.92,33.92,12.0
8,/home/ryreu/guided_cnn/logsRedMeat/guided_redmeat_optim_grid_21069332/checkpoints/resnet50_redmeat_final_kl251_attn63_20260227_085149.pth,0,grad_abs,rev_kl,grad_abs__rev_kl,0.3424,10.421244721984863,-11.493020356699413,33.92,33.92,12.0
8,/home/ryreu/guided_cnn/logsRedMeat/guided_redmeat_optim_grid_21069332/checkpoints/resnet50_redmeat_final_kl251_attn63_20260227_085149.pth,0,grad_abs,jsd,grad_abs__jsd,0.3424,0.35899542775154114,-1.4307710624660914,33.92,33.92,12.0
8,/home/ryreu/guided_cnn/logsRedMeat/guided_redmeat_optim_grid_21069332/checkpoints/resnet50_redmeat_final_kl251_attn63_20260227_085149.pth,0,grad_abs,bce_dice,grad_abs__bce_dice,0.3424,1.0168663186073303,-2.0886419533218805,33.92,33.92,12.0
8,/home/ryreu/guided_cnn/logsRedMeat/guided_redmeat_optim_grid_21069332/checkpoints/resnet50_redmeat_final_kl251_attn63_20260227_085149.pth,0,grad_x_input,fwd_kl,grad_x_input__fwd_kl,0.3424,1.747888215637207,-2.8196638503517573,33.92,33.92,12.0
8,/home/ryreu/guided_cnn/logsRedMeat/guided_redmeat_optim_grid_21069332/checkpoints/resnet50_redmeat_final_kl251_attn63_20260227_085149.pth,0,grad_x_input,rev_kl,grad_x_input__rev_kl,0.3424,10.605011389160156,-11.676787023874706,33.92,33.92,12.0
8,/home/ryreu/guided_cnn/logsRedMeat/guided_redmeat_optim_grid_21069332/checkpoints/resnet50_redmeat_final_kl251_attn63_20260227_085149.pth,0,grad_x_input,jsd,grad_x_input__jsd,0.3424,0.3720987931728363,-1.4438744278873865,33.92,33.92,12.0
8,/home/ryreu/guided_cnn/logsRedMeat/guided_redmeat_optim_grid_21069332/checkpoints/resnet50_redmeat_final_kl251_attn63_20260227_085149.pth,0,grad_x_input,bce_dice,grad_x_input__bce_dice,0.3424,1.0719241353988647,-2.1436997701134146,33.92,33.92,12.0
8,/home/ryreu/guided_cnn/logsRedMeat/guided_redmeat_optim_grid_21069332/checkpoints/resnet50_redmeat_final_kl251_attn63_20260227_085149.pth,0,smoothgrad,fwd_kl,smoothgrad__fwd_kl,0.3424,1.566842000389099,-2.638617635103649,33.92,33.92,12.0
8,/home/ryreu/guided_cnn/logsRedMeat/guided_redmeat_optim_grid_21069332/checkpoints/resnet50_redmeat_final_kl251_attn63_20260227_085149.pth,0,smoothgrad,rev_kl,smoothgrad__rev_kl,0.3424,10.54951046142578,-11.62128609614033,33.92,33.92,12.0
8,/home/ryreu/guided_cnn/logsRedMeat/guided_redmeat_optim_grid_21069332/checkpoints/resnet50_redmeat_final_kl251_attn63_20260227_085149.pth,0,smoothgrad,jsd,smoothgrad__jsd,0.3424,0.3575597773551941,-1.4293354120697443,33.92,33.92,12.0
8,/home/ryreu/guided_cnn/logsRedMeat/guided_redmeat_optim_grid_21069332/checkpoints/resnet50_redmeat_final_kl251_attn63_20260227_085149.pth,0,smoothgrad,bce_dice,smoothgrad__bce_dice,0.3424,0.9773217039108276,-2.0490973386253777,33.92,33.92,12.0
8,/home/ryreu/guided_cnn/logsRedMeat/guided_redmeat_optim_grid_21069332/checkpoints/resnet50_redmeat_final_kl251_attn63_20260227_085149.pth,0,smoothgrad_x_input,fwd_kl,smoothgrad_x_input__fwd_kl,0.3424,1.6952840454101563,-2.7670596801247065,33.92,33.92,12.0
8,/home/ryreu/guided_cnn/logsRedMeat/guided_redmeat_optim_grid_21069332/checkpoints/resnet50_redmeat_final_kl251_attn63_20260227_085149.pth,0,smoothgrad_x_input,rev_kl,smoothgrad_x_input__rev_kl,0.3424,10.73735545654297,-11.80913109125752,33.92,33.92,12.0
8,/home/ryreu/guided_cnn/logsRedMeat/guided_redmeat_optim_grid_21069332/checkpoints/resnet50_redmeat_final_kl251_attn63_20260227_085149.pth,0,smoothgrad_x_input,jsd,smoothgrad_x_input__jsd,0.3424,0.370273126411438,-1.4420487611259882,33.92,33.92,12.0
8,/home/ryreu/guided_cnn/logsRedMeat/guided_redmeat_optim_grid_21069332/checkpoints/resnet50_redmeat_final_kl251_attn63_20260227_085149.pth,0,smoothgrad_x_input,bce_dice,smoothgrad_x_input__bce_dice,0.3424,1.0279790342330932,-2.0997546689476434,33.92,33.92,12.0
9,/home/ryreu/guided_cnn/logsRedMeat/guided_redmeat_optim_grid_21069332/checkpoints/resnet50_redmeat_final_kl7_attn72_20260227_091702.pth,0,ig,fwd_kl,ig__fwd_kl,0.6592,1.2433882997512817,-1.6601166001381569,69.6,69.6,58.8
9,/home/ryreu/guided_cnn/logsRedMeat/guided_redmeat_optim_grid_21069332/checkpoints/resnet50_redmeat_final_kl7_attn72_20260227_091702.pth,0,ig,rev_kl,ig__rev_kl,0.6592,8.434832539367676,-8.851560839754551,69.6,69.6,58.8
9,/home/ryreu/guided_cnn/logsRedMeat/guided_redmeat_optim_grid_21069332/checkpoints/resnet50_redmeat_final_kl7_attn72_20260227_091702.pth,0,ig,jsd,ig__jsd,0.6592,0.29187299489974977,-0.7086012952866249,69.6,69.6,58.8
9,/home/ryreu/guided_cnn/logsRedMeat/guided_redmeat_optim_grid_21069332/checkpoints/resnet50_redmeat_final_kl7_attn72_20260227_091702.pth,0,ig,bce_dice,ig__bce_dice,0.6592,0.9191675805091858,-1.3358958808960608,69.6,69.6,58.8
9,/home/ryreu/guided_cnn/logsRedMeat/guided_redmeat_optim_grid_21069332/checkpoints/resnet50_redmeat_final_kl7_attn72_20260227_091702.pth,0,grad_abs,fwd_kl,grad_abs__fwd_kl,0.6592,1.0965765300750732,-1.5133048304619483,69.6,69.6,58.8
9,/home/ryreu/guided_cnn/logsRedMeat/guided_redmeat_optim_grid_21069332/checkpoints/resnet50_redmeat_final_kl7_attn72_20260227_091702.pth,0,grad_abs,rev_kl,grad_abs__rev_kl,0.6592,7.899703727722168,-8.316432028109043,69.6,69.6,58.8
9,/home/ryreu/guided_cnn/logsRedMeat/guided_redmeat_optim_grid_21069332/checkpoints/resnet50_redmeat_final_kl7_attn72_20260227_091702.pth,0,grad_abs,jsd,grad_abs__jsd,0.6592,0.2687034679412842,-0.6854317683281592,69.6,69.6,58.8
9,/home/ryreu/guided_cnn/logsRedMeat/guided_redmeat_optim_grid_21069332/checkpoints/resnet50_redmeat_final_kl7_attn72_20260227_091702.pth,0,grad_abs,bce_dice,grad_abs__bce_dice,0.6592,0.8835124853134155,-1.3002407857002907,69.6,69.6,58.8
9,/home/ryreu/guided_cnn/logsRedMeat/guided_redmeat_optim_grid_21069332/checkpoints/resnet50_redmeat_final_kl7_attn72_20260227_091702.pth,0,grad_x_input,fwd_kl,grad_x_input__fwd_kl,0.6592,1.2559603963851929,-1.672688696772068,69.6,69.6,58.8
9,/home/ryreu/guided_cnn/logsRedMeat/guided_redmeat_optim_grid_21069332/checkpoints/resnet50_redmeat_final_kl7_attn72_20260227_091702.pth,0,grad_x_input,rev_kl,grad_x_input__rev_kl,0.6592,8.234694338989257,-8.651422639376133,69.6,69.6,58.8
9,/home/ryreu/guided_cnn/logsRedMeat/guided_redmeat_optim_grid_21069332/checkpoints/resnet50_redmeat_final_kl7_attn72_20260227_091702.pth,0,grad_x_input,jsd,grad_x_input__jsd,0.6592,0.290272310256958,-0.7070006106438331,69.6,69.6,58.8
9,/home/ryreu/guided_cnn/logsRedMeat/guided_redmeat_optim_grid_21069332/checkpoints/resnet50_redmeat_final_kl7_attn72_20260227_091702.pth,0,grad_x_input,bce_dice,grad_x_input__bce_dice,0.6592,0.9526004610061646,-1.3693287613930396,69.6,69.6,58.8
9,/home/ryreu/guided_cnn/logsRedMeat/guided_redmeat_optim_grid_21069332/checkpoints/resnet50_redmeat_final_kl7_attn72_20260227_091702.pth,0,smoothgrad,fwd_kl,smoothgrad__fwd_kl,0.6592,0.8974146497726441,-1.3141429501595192,69.6,69.6,58.8
9,/home/ryreu/guided_cnn/logsRedMeat/guided_redmeat_optim_grid_21069332/checkpoints/resnet50_redmeat_final_kl7_attn72_20260227_091702.pth,0,smoothgrad,rev_kl,smoothgrad__rev_kl,0.6592,7.6365825485229495,-8.053310848909824,69.6,69.6,58.8
9,/home/ryreu/guided_cnn/logsRedMeat/guided_redmeat_optim_grid_21069332/checkpoints/resnet50_redmeat_final_kl7_attn72_20260227_091702.pth,0,smoothgrad,jsd,smoothgrad__jsd,0.6592,0.23936150665283204,-0.6560898070397071,69.6,69.6,58.8
9,/home/ryreu/guided_cnn/logsRedMeat/guided_redmeat_optim_grid_21069332/checkpoints/resnet50_redmeat_final_kl7_attn72_20260227_091702.pth,0,smoothgrad,bce_dice,smoothgrad__bce_dice,0.6592,0.7130072633743286,-1.1297355637612037,69.6,69.6,58.8
9,/home/ryreu/guided_cnn/logsRedMeat/guided_redmeat_optim_grid_21069332/checkpoints/resnet50_redmeat_final_kl7_attn72_20260227_091702.pth,0,smoothgrad_x_input,fwd_kl,smoothgrad_x_input__fwd_kl,0.6592,1.0329575878143311,-1.4496858882012063,69.6,69.6,58.8
9,/home/ryreu/guided_cnn/logsRedMeat/guided_redmeat_optim_grid_21069332/checkpoints/resnet50_redmeat_final_kl7_attn72_20260227_091702.pth,0,smoothgrad_x_input,rev_kl,smoothgrad_x_input__rev_kl,0.6592,7.929128784179688,-8.345857084566562,69.6,69.6,58.8
9,/home/ryreu/guided_cnn/logsRedMeat/guided_redmeat_optim_grid_21069332/checkpoints/resnet50_redmeat_final_kl7_attn72_20260227_091702.pth,0,smoothgrad_x_input,jsd,smoothgrad_x_input__jsd,0.6592,0.2591840896129608,-0.6759123899998358,69.6,69.6,58.8
9,/home/ryreu/guided_cnn/logsRedMeat/guided_redmeat_optim_grid_21069332/checkpoints/resnet50_redmeat_final_kl7_attn72_20260227_091702.pth,0,smoothgrad_x_input,bce_dice,smoothgrad_x_input__bce_dice,0.6592,0.773805805015564,-1.190534105402439,69.6,69.6,58.8
10,/home/ryreu/guided_cnn/logsRedMeat/guided_redmeat_optim_grid_21069332/checkpoints/resnet50_redmeat_final_kl4_attn49_20260227_094216.pth,0,ig,fwd_kl,ig__fwd_kl,0.6776,1.205235850906372,-1.5944339865506645,72.64,72.64,59.199999999999996
10,/home/ryreu/guided_cnn/logsRedMeat/guided_redmeat_optim_grid_21069332/checkpoints/resnet50_redmeat_final_kl4_attn49_20260227_094216.pth,0,ig,rev_kl,ig__rev_kl,0.6776,8.172297895812989,-8.561496031457281,72.64,72.64,59.199999999999996
10,/home/ryreu/guided_cnn/logsRedMeat/guided_redmeat_optim_grid_21069332/checkpoints/resnet50_redmeat_final_kl4_attn49_20260227_094216.pth,0,ig,jsd,ig__jsd,0.6776,0.284169687128067,-0.6733678227723594,72.64,72.64,59.199999999999996
10,/home/ryreu/guided_cnn/logsRedMeat/guided_redmeat_optim_grid_21069332/checkpoints/resnet50_redmeat_final_kl4_attn49_20260227_094216.pth,0,ig,bce_dice,ig__bce_dice,0.6776,0.9276140171051025,-1.316812152749395,72.64,72.64,59.199999999999996
10,/home/ryreu/guided_cnn/logsRedMeat/guided_redmeat_optim_grid_21069332/checkpoints/resnet50_redmeat_final_kl4_attn49_20260227_094216.pth,0,grad_abs,fwd_kl,grad_abs__fwd_kl,0.6776,1.0524541801452636,-1.441652315789556,72.64,72.64,59.199999999999996
10,/home/ryreu/guided_cnn/logsRedMeat/guided_redmeat_optim_grid_21069332/checkpoints/resnet50_redmeat_final_kl4_attn49_20260227_094216.pth,0,grad_abs,rev_kl,grad_abs__rev_kl,0.6776,7.557720088195801,-7.946918223840093,72.64,72.64,59.199999999999996
10,/home/ryreu/guided_cnn/logsRedMeat/guided_redmeat_optim_grid_21069332/checkpoints/resnet50_redmeat_final_kl4_attn49_20260227_094216.pth,0,grad_abs,jsd,grad_abs__jsd,0.6776,0.258907892370224,-0.6481060280145164,72.64,72.64,59.199999999999996
10,/home/ryreu/guided_cnn/logsRedMeat/guided_redmeat_optim_grid_21069332/checkpoints/resnet50_redmeat_final_kl4_attn49_20260227_094216.pth,0,grad_abs,bce_dice,grad_abs__bce_dice,0.6776,0.8791798836708069,-1.2683780193150993,72.64,72.64,59.199999999999996
10,/home/ryreu/guided_cnn/logsRedMeat/guided_redmeat_optim_grid_21069332/checkpoints/resnet50_redmeat_final_kl4_attn49_20260227_094216.pth,0,grad_x_input,fwd_kl,grad_x_input__fwd_kl,0.6776,1.1988062080383302,-1.5880043436826226,72.64,72.64,59.199999999999996
10,/home/ryreu/guided_cnn/logsRedMeat/guided_redmeat_optim_grid_21069332/checkpoints/resnet50_redmeat_final_kl4_attn49_20260227_094216.pth,0,grad_x_input,rev_kl,grad_x_input__rev_kl,0.6776,7.852257275390625,-8.241455411034917,72.64,72.64,59.199999999999996
10,/home/ryreu/guided_cnn/logsRedMeat/guided_redmeat_optim_grid_21069332/checkpoints/resnet50_redmeat_final_kl4_attn49_20260227_094216.pth,0,grad_x_input,jsd,grad_x_input__jsd,0.6776,0.2790565139770508,-0.6682546496213433,72.64,72.64,59.199999999999996
10,/home/ryreu/guided_cnn/logsRedMeat/guided_redmeat_optim_grid_21069332/checkpoints/resnet50_redmeat_final_kl4_attn49_20260227_094216.pth,0,grad_x_input,bce_dice,grad_x_input__bce_dice,0.6776,0.9486800416946412,-1.3378781773389337,72.64,72.64,59.199999999999996
10,/home/ryreu/guided_cnn/logsRedMeat/guided_redmeat_optim_grid_21069332/checkpoints/resnet50_redmeat_final_kl4_attn49_20260227_094216.pth,0,smoothgrad,fwd_kl,smoothgrad__fwd_kl,0.6776,0.878542343711853,-1.2677404793561455,72.64,72.64,59.199999999999996
10,/home/ryreu/guided_cnn/logsRedMeat/guided_redmeat_optim_grid_21069332/checkpoints/resnet50_redmeat_final_kl4_attn49_20260227_094216.pth,0,smoothgrad,rev_kl,smoothgrad__rev_kl,0.6776,7.416791236877441,-7.805989372521734,72.64,72.64,59.199999999999996
10,/home/ryreu/guided_cnn/logsRedMeat/guided_redmeat_optim_grid_21069332/checkpoints/resnet50_redmeat_final_kl4_attn49_20260227_094216.pth,0,smoothgrad,jsd,smoothgrad__jsd,0.6776,0.2339197702407837,-0.6231179058850762,72.64,72.64,59.199999999999996
10,/home/ryreu/guided_cnn/logsRedMeat/guided_redmeat_optim_grid_21069332/checkpoints/resnet50_redmeat_final_kl4_attn49_20260227_094216.pth,0,smoothgrad,bce_dice,smoothgrad__bce_dice,0.6776,0.7289377593994141,-1.1181358950437066,72.64,72.64,59.199999999999996
10,/home/ryreu/guided_cnn/logsRedMeat/guided_redmeat_optim_grid_21069332/checkpoints/resnet50_redmeat_final_kl4_attn49_20260227_094216.pth,0,smoothgrad_x_input,fwd_kl,smoothgrad_x_input__fwd_kl,0.6776,1.0090424142837524,-1.3982405499280448,72.64,72.64,59.199999999999996
10,/home/ryreu/guided_cnn/logsRedMeat/guided_redmeat_optim_grid_21069332/checkpoints/resnet50_redmeat_final_kl4_attn49_20260227_094216.pth,0,smoothgrad_x_input,rev_kl,smoothgrad_x_input__rev_kl,0.6776,7.6700887252807615,-8.059286860925054,72.64,72.64,59.199999999999996
10,/home/ryreu/guided_cnn/logsRedMeat/guided_redmeat_optim_grid_21069332/checkpoints/resnet50_redmeat_final_kl4_attn49_20260227_094216.pth,0,smoothgrad_x_input,jsd,smoothgrad_x_input__jsd,0.6776,0.25291003980636595,-0.6421081754506583,72.64,72.64,59.199999999999996
10,/home/ryreu/guided_cnn/logsRedMeat/guided_redmeat_optim_grid_21069332/checkpoints/resnet50_redmeat_final_kl4_attn49_20260227_094216.pth,0,smoothgrad_x_input,bce_dice,smoothgrad_x_input__bce_dice,0.6776,0.789770991897583,-1.1789691275418754,72.64,72.64,59.199999999999996
11,/home/ryreu/guided_cnn/logsRedMeat/guided_redmeat_optim_grid_21069332/checkpoints/resnet50_redmeat_final_kl133_attn133_20260227_100708.pth,0,ig,fwd_kl,ig__fwd_kl,0.6128,1.3730743198394775,-1.862790980395233,65.6,65.6,52.0
11,/home/ryreu/guided_cnn/logsRedMeat/guided_redmeat_optim_grid_21069332/checkpoints/resnet50_redmeat_final_kl133_attn133_20260227_100708.pth,0,ig,rev_kl,ig__rev_kl,0.6128,9.430193000793457,-9.919909661349212,65.6,65.6,52.0
11,/home/ryreu/guided_cnn/logsRedMeat/guided_redmeat_optim_grid_21069332/checkpoints/resnet50_redmeat_final_kl133_attn133_20260227_100708.pth,0,ig,jsd,ig__jsd,0.6128,0.32010209980010984,-0.8098187603558653,65.6,65.6,52.0
11,/home/ryreu/guided_cnn/logsRedMeat/guided_redmeat_optim_grid_21069332/checkpoints/resnet50_redmeat_final_kl133_attn133_20260227_100708.pth,0,ig,bce_dice,ig__bce_dice,0.6128,0.9501305910110474,-1.4398472515668028,65.6,65.6,52.0
11,/home/ryreu/guided_cnn/logsRedMeat/guided_redmeat_optim_grid_21069332/checkpoints/resnet50_redmeat_final_kl133_attn133_20260227_100708.pth,0,grad_abs,fwd_kl,grad_abs__fwd_kl,0.6128,1.2806881469726563,-1.7704048075284118,65.6,65.6,52.0
11,/home/ryreu/guided_cnn/logsRedMeat/guided_redmeat_optim_grid_21069332/checkpoints/resnet50_redmeat_final_kl133_attn133_20260227_100708.pth,0,grad_abs,rev_kl,grad_abs__rev_kl,0.6128,10.056916082763673,-10.546632743319428,65.6,65.6,52.0
11,/home/ryreu/guided_cnn/logsRedMeat/guided_redmeat_optim_grid_21069332/checkpoints/resnet50_redmeat_final_kl133_attn133_20260227_100708.pth,0,grad_abs,jsd,grad_abs__jsd,0.6128,0.32247322211265567,-0.8121898826684111,65.6,65.6,52.0
11,/home/ryreu/guided_cnn/logsRedMeat/guided_redmeat_optim_grid_21069332/checkpoints/resnet50_redmeat_final_kl133_attn133_20260227_100708.pth,0,grad_abs,bce_dice,grad_abs__bce_dice,0.6128,1.589569299697876,-2.0792859602536318,65.6,65.6,52.0
11,/home/ryreu/guided_cnn/logsRedMeat/guided_redmeat_optim_grid_21069332/checkpoints/resnet50_redmeat_final_kl133_attn133_20260227_100708.pth,0,grad_x_input,fwd_kl,grad_x_input__fwd_kl,0.6128,1.3751859474182129,-1.8649026079739683,65.6,65.6,52.0
11,/home/ryreu/guided_cnn/logsRedMeat/guided_redmeat_optim_grid_21069332/checkpoints/resnet50_redmeat_final_kl133_attn133_20260227_100708.pth,0,grad_x_input,rev_kl,grad_x_input__rev_kl,0.6128,10.192206884765625,-10.68192354532138,65.6,65.6,52.0
11,/home/ryreu/guided_cnn/logsRedMeat/guided_redmeat_optim_grid_21069332/checkpoints/resnet50_redmeat_final_kl133_attn133_20260227_100708.pth,0,grad_x_input,jsd,grad_x_input__jsd,0.6128,0.33292326607704165,-0.8226399266327971,65.6,65.6,52.0
11,/home/ryreu/guided_cnn/logsRedMeat/guided_redmeat_optim_grid_21069332/checkpoints/resnet50_redmeat_final_kl133_attn133_20260227_100708.pth,0,grad_x_input,bce_dice,grad_x_input__bce_dice,0.6128,1.6385948623657227,-2.128311522921478,65.6,65.6,52.0
11,/home/ryreu/guided_cnn/logsRedMeat/guided_redmeat_optim_grid_21069332/checkpoints/resnet50_redmeat_final_kl133_attn133_20260227_100708.pth,0,smoothgrad,fwd_kl,smoothgrad__fwd_kl,0.6128,1.1183510528564453,-1.6080677134122008,65.6,65.6,52.0
11,/home/ryreu/guided_cnn/logsRedMeat/guided_redmeat_optim_grid_21069332/checkpoints/resnet50_redmeat_final_kl133_attn133_20260227_100708.pth,0,smoothgrad,rev_kl,smoothgrad__rev_kl,0.6128,9.504156297302247,-9.993872957858002,65.6,65.6,52.0
11,/home/ryreu/guided_cnn/logsRedMeat/guided_redmeat_optim_grid_21069332/checkpoints/resnet50_redmeat_final_kl133_attn133_20260227_100708.pth,0,smoothgrad,jsd,smoothgrad__jsd,0.6128,0.29571938037872314,-0.7854360409344786,65.6,65.6,52.0
11,/home/ryreu/guided_cnn/logsRedMeat/guided_redmeat_optim_grid_21069332/checkpoints/resnet50_redmeat_final_kl133_attn133_20260227_100708.pth,0,smoothgrad,bce_dice,smoothgrad__bce_dice,0.6128,1.278989398574829,-1.7687060591305845,65.6,65.6,52.0
11,/home/ryreu/guided_cnn/logsRedMeat/guided_redmeat_optim_grid_21069332/checkpoints/resnet50_redmeat_final_kl133_attn133_20260227_100708.pth,0,smoothgrad_x_input,fwd_kl,smoothgrad_x_input__fwd_kl,0.6128,1.212563967514038,-1.7022806280697935,65.6,65.6,52.0
11,/home/ryreu/guided_cnn/logsRedMeat/guided_redmeat_optim_grid_21069332/checkpoints/resnet50_redmeat_final_kl133_attn133_20260227_100708.pth,0,smoothgrad_x_input,rev_kl,smoothgrad_x_input__rev_kl,0.6128,9.646388604736329,-10.136105265292084,65.6,65.6,52.0
11,/home/ryreu/guided_cnn/logsRedMeat/guided_redmeat_optim_grid_21069332/checkpoints/resnet50_redmeat_final_kl133_attn133_20260227_100708.pth,0,smoothgrad_x_input,jsd,smoothgrad_x_input__jsd,0.6128,0.307487787437439,-0.7972044479931945,65.6,65.6,52.0
11,/home/ryreu/guided_cnn/logsRedMeat/guided_redmeat_optim_grid_21069332/checkpoints/resnet50_redmeat_final_kl133_attn133_20260227_100708.pth,0,smoothgrad_x_input,bce_dice,smoothgrad_x_input__bce_dice,0.6128,1.3150259637832642,-1.8047426243390197,65.6,65.6,52.0
12,/home/ryreu/guided_cnn/logsRedMeat/guided_redmeat_optim_grid_21069332/checkpoints/resnet50_redmeat_final_kl2_attn100_20260227_103157.pth,0,ig,fwd_kl,ig__fwd_kl,0.6312,1.3096643524169922,-1.7697968618674649,66.64,66.64,42.0
12,/home/ryreu/guided_cnn/logsRedMeat/guided_redmeat_optim_grid_21069332/checkpoints/resnet50_redmeat_final_kl2_attn100_20260227_103157.pth,0,ig,rev_kl,ig__rev_kl,0.6312,8.939838877868652,-9.399971387319125,66.64,66.64,42.0
12,/home/ryreu/guided_cnn/logsRedMeat/guided_redmeat_optim_grid_21069332/checkpoints/resnet50_redmeat_final_kl2_attn100_20260227_103157.pth,0,ig,jsd,ig__jsd,0.6312,0.30648848838806153,-0.7666209978385341,66.64,66.64,42.0
12,/home/ryreu/guided_cnn/logsRedMeat/guided_redmeat_optim_grid_21069332/checkpoints/resnet50_redmeat_final_kl2_attn100_20260227_103157.pth,0,ig,bce_dice,ig__bce_dice,0.6312,0.9469163841247559,-1.4070488935752286,66.64,66.64,42.0
12,/home/ryreu/guided_cnn/logsRedMeat/guided_redmeat_optim_grid_21069332/checkpoints/resnet50_redmeat_final_kl2_attn100_20260227_103157.pth,0,grad_abs,fwd_kl,grad_abs__fwd_kl,0.6312,1.1811078338623047,-1.6412403433127771,66.64,66.64,42.0
12,/home/ryreu/guided_cnn/logsRedMeat/guided_redmeat_optim_grid_21069332/checkpoints/resnet50_redmeat_final_kl2_attn100_20260227_103157.pth,0,grad_abs,rev_kl,grad_abs__rev_kl,0.6312,9.174073114013671,-9.634205623464144,66.64,66.64,42.0
12,/home/ryreu/guided_cnn/logsRedMeat/guided_redmeat_optim_grid_21069332/checkpoints/resnet50_redmeat_final_kl2_attn100_20260227_103157.pth,0,grad_abs,jsd,grad_abs__jsd,0.6312,0.2980898783683777,-0.7582223878188503,66.64,66.64,42.0
12,/home/ryreu/guided_cnn/logsRedMeat/guided_redmeat_optim_grid_21069332/checkpoints/resnet50_redmeat_final_kl2_attn100_20260227_103157.pth,0,grad_abs,bce_dice,grad_abs__bce_dice,0.6312,1.1310388576507568,-1.5911713671012295,66.64,66.64,42.0
12,/home/ryreu/guided_cnn/logsRedMeat/guided_redmeat_optim_grid_21069332/checkpoints/resnet50_redmeat_final_kl2_attn100_20260227_103157.pth,0,grad_x_input,fwd_kl,grad_x_input__fwd_kl,0.6312,1.2859723192214967,-1.7461048286719691,66.64,66.64,42.0
12,/home/ryreu/guided_cnn/logsRedMeat/guided_redmeat_optim_grid_21069332/checkpoints/resnet50_redmeat_final_kl2_attn100_20260227_103157.pth,0,grad_x_input,rev_kl,grad_x_input__rev_kl,0.6312,9.32933052368164,-9.789463033132114,66.64,66.64,42.0
12,/home/ryreu/guided_cnn/logsRedMeat/guided_redmeat_optim_grid_21069332/checkpoints/resnet50_redmeat_final_kl2_attn100_20260227_103157.pth,0,grad_x_input,jsd,grad_x_input__jsd,0.6312,0.3108968642711639,-0.7710293737216365,66.64,66.64,42.0
12,/home/ryreu/guided_cnn/logsRedMeat/guided_redmeat_optim_grid_21069332/checkpoints/resnet50_redmeat_final_kl2_attn100_20260227_103157.pth,0,grad_x_input,bce_dice,grad_x_input__bce_dice,0.6312,1.1870335918426513,-1.647166101293124,66.64,66.64,42.0
12,/home/ryreu/guided_cnn/logsRedMeat/guided_redmeat_optim_grid_21069332/checkpoints/resnet50_redmeat_final_kl2_attn100_20260227_103157.pth,0,smoothgrad,fwd_kl,smoothgrad__fwd_kl,0.6312,1.0247887237548827,-1.4849212332053554,66.64,66.64,42.0
12,/home/ryreu/guided_cnn/logsRedMeat/guided_redmeat_optim_grid_21069332/checkpoints/resnet50_redmeat_final_kl2_attn100_20260227_103157.pth,0,smoothgrad,rev_kl,smoothgrad__rev_kl,0.6312,8.796927696228027,-9.2570602056785,66.64,66.64,42.0
12,/home/ryreu/guided_cnn/logsRedMeat/guided_redmeat_optim_grid_21069332/checkpoints/resnet50_redmeat_final_kl2_attn100_20260227_103157.pth,0,smoothgrad,jsd,smoothgrad__jsd,0.6312,0.2736086406707764,-0.733741150121249,66.64,66.64,42.0
12,/home/ryreu/guided_cnn/logsRedMeat/guided_redmeat_optim_grid_21069332/checkpoints/resnet50_redmeat_final_kl2_attn100_20260227_103157.pth,0,smoothgrad,bce_dice,smoothgrad__bce_dice,0.6312,0.9006372699737549,-1.3607697794242275,66.64,66.64,42.0
12,/home/ryreu/guided_cnn/logsRedMeat/guided_redmeat_optim_grid_21069332/checkpoints/resnet50_redmeat_final_kl2_attn100_20260227_103157.pth,0,smoothgrad_x_input,fwd_kl,smoothgrad_x_input__fwd_kl,0.6312,1.1253513759613036,-1.5854838854117763,66.64,66.64,42.0
12,/home/ryreu/guided_cnn/logsRedMeat/guided_redmeat_optim_grid_21069332/checkpoints/resnet50_redmeat_final_kl2_attn100_20260227_103157.pth,0,smoothgrad_x_input,rev_kl,smoothgrad_x_input__rev_kl,0.6312,8.950375199890138,-9.41050770934061,66.64,66.64,42.0
12,/home/ryreu/guided_cnn/logsRedMeat/guided_redmeat_optim_grid_21069332/checkpoints/resnet50_redmeat_final_kl2_attn100_20260227_103157.pth,0,smoothgrad_x_input,jsd,smoothgrad_x_input__jsd,0.6312,0.2868051257133484,-0.746937635163821,66.64,66.64,42.0
12,/home/ryreu/guided_cnn/logsRedMeat/guided_redmeat_optim_grid_21069332/checkpoints/resnet50_redmeat_final_kl2_attn100_20260227_103157.pth,0,smoothgrad_x_input,bce_dice,smoothgrad_x_input__bce_dice,0.6312,0.9548725994110108,-1.4150051088614832,66.64,66.64,42.0
13,/home/ryreu/guided_cnn/logsRedMeat/guided_redmeat_optim_grid_21069332/checkpoints/resnet50_redmeat_final_kl1_attn50_20260227_105743.pth,0,ig,fwd_kl,ig__fwd_kl,0.6528,1.3300298637390138,-1.7565143390712534,69.2,69.19999999999999,58.8
13,/home/ryreu/guided_cnn/logsRedMeat/guided_redmeat_optim_grid_21069332/checkpoints/resnet50_redmeat_final_kl1_attn50_20260227_105743.pth,0,ig,rev_kl,ig__rev_kl,0.6528,9.04728720855713,-9.47377168388937,69.2,69.19999999999999,58.8
13,/home/ryreu/guided_cnn/logsRedMeat/guided_redmeat_optim_grid_21069332/checkpoints/resnet50_redmeat_final_kl1_attn50_20260227_105743.pth,0,ig,jsd,ig__jsd,0.6528,0.3098960125923157,-0.7363804879245555,69.2,69.19999999999999,58.8
13,/home/ryreu/guided_cnn/logsRedMeat/guided_redmeat_optim_grid_21069332/checkpoints/resnet50_redmeat_final_kl1_attn50_20260227_105743.pth,0,ig,bce_dice,ig__bce_dice,0.6528,0.941401400756836,-1.3678858760890757,69.2,69.19999999999999,58.8
13,/home/ryreu/guided_cnn/logsRedMeat/guided_redmeat_optim_grid_21069332/checkpoints/resnet50_redmeat_final_kl1_attn50_20260227_105743.pth,0,grad_abs,fwd_kl,grad_abs__fwd_kl,0.6528,1.216250817489624,-1.6427352928218637,69.2,69.19999999999999,58.8
13,/home/ryreu/guided_cnn/logsRedMeat/guided_redmeat_optim_grid_21069332/checkpoints/resnet50_redmeat_final_kl1_attn50_20260227_105743.pth,0,grad_abs,rev_kl,grad_abs__rev_kl,0.6528,8.84228569946289,-9.26877017479513,69.2,69.19999999999999,58.8
13,/home/ryreu/guided_cnn/logsRedMeat/guided_redmeat_optim_grid_21069332/checkpoints/resnet50_redmeat_final_kl1_attn50_20260227_105743.pth,0,grad_abs,jsd,grad_abs__jsd,0.6528,0.29606496858596804,-0.7225494439182077,69.2,69.19999999999999,58.8
13,/home/ryreu/guided_cnn/logsRedMeat/guided_redmeat_optim_grid_21069332/checkpoints/resnet50_redmeat_final_kl1_attn50_20260227_105743.pth,0,grad_abs,bce_dice,grad_abs__bce_dice,0.6528,0.8924659733772278,-1.3189504487094674,69.2,69.19999999999999,58.8
13,/home/ryreu/guided_cnn/logsRedMeat/guided_redmeat_optim_grid_21069332/checkpoints/resnet50_redmeat_final_kl1_attn50_20260227_105743.pth,0,grad_x_input,fwd_kl,grad_x_input__fwd_kl,0.6528,1.3879045711517335,-1.8143890464839731,69.2,69.19999999999999,58.8
13,/home/ryreu/guided_cnn/logsRedMeat/guided_redmeat_optim_grid_21069332/checkpoints/resnet50_redmeat_final_kl1_attn50_20260227_105743.pth,0,grad_x_input,rev_kl,grad_x_input__rev_kl,0.6528,9.211120568847656,-9.637605044179896,69.2,69.19999999999999,58.8
13,/home/ryreu/guided_cnn/logsRedMeat/guided_redmeat_optim_grid_21069332/checkpoints/resnet50_redmeat_final_kl1_attn50_20260227_105743.pth,0,grad_x_input,jsd,grad_x_input__jsd,0.6528,0.3180945033073425,-0.7445789786395822,69.2,69.19999999999999,58.8
13,/home/ryreu/guided_cnn/logsRedMeat/guided_redmeat_optim_grid_21069332/checkpoints/resnet50_redmeat_final_kl1_attn50_20260227_105743.pth,0,grad_x_input,bce_dice,grad_x_input__bce_dice,0.6528,0.9671545614242554,-1.393639036756495,69.2,69.19999999999999,58.8
13,/home/ryreu/guided_cnn/logsRedMeat/guided_redmeat_optim_grid_21069332/checkpoints/resnet50_redmeat_final_kl1_attn50_20260227_105743.pth,0,smoothgrad,fwd_kl,smoothgrad__fwd_kl,0.6528,0.9639124458312989,-1.3903969211635385,69.2,69.19999999999999,58.8
13,/home/ryreu/guided_cnn/logsRedMeat/guided_redmeat_optim_grid_21069332/checkpoints/resnet50_redmeat_final_kl1_attn50_20260227_105743.pth,0,smoothgrad,rev_kl,smoothgrad__rev_kl,0.6528,8.272355493164062,-8.698839968496301,69.2,69.19999999999999,58.8
13,/home/ryreu/guided_cnn/logsRedMeat/guided_redmeat_optim_grid_21069332/checkpoints/resnet50_redmeat_final_kl1_attn50_20260227_105743.pth,0,smoothgrad,jsd,smoothgrad__jsd,0.6528,0.25742171654701235,-0.6839061918792521,69.2,69.19999999999999,58.8
13,/home/ryreu/guided_cnn/logsRedMeat/guided_redmeat_optim_grid_21069332/checkpoints/resnet50_redmeat_final_kl1_attn50_20260227_105743.pth,0,smoothgrad,bce_dice,smoothgrad__bce_dice,0.6528,0.710330220413208,-1.1368146957454477,69.2,69.19999999999999,58.8
13,/home/ryreu/guided_cnn/logsRedMeat/guided_redmeat_optim_grid_21069332/checkpoints/resnet50_redmeat_final_kl1_attn50_20260227_105743.pth,0,smoothgrad_x_input,fwd_kl,smoothgrad_x_input__fwd_kl,0.6528,1.1000588050842286,-1.5265432804164683,69.2,69.19999999999999,58.8
13,/home/ryreu/guided_cnn/logsRedMeat/guided_redmeat_optim_grid_21069332/checkpoints/resnet50_redmeat_final_kl1_attn50_20260227_105743.pth,0,smoothgrad_x_input,rev_kl,smoothgrad_x_input__rev_kl,0.6528,8.554643746948242,-8.981128222280482,69.2,69.19999999999999,58.8
13,/home/ryreu/guided_cnn/logsRedMeat/guided_redmeat_optim_grid_21069332/checkpoints/resnet50_redmeat_final_kl1_attn50_20260227_105743.pth,0,smoothgrad_x_input,jsd,smoothgrad_x_input__jsd,0.6528,0.2765924009799957,-0.7030768763122355,69.2,69.19999999999999,58.8
13,/home/ryreu/guided_cnn/logsRedMeat/guided_redmeat_optim_grid_21069332/checkpoints/resnet50_redmeat_final_kl1_attn50_20260227_105743.pth,0,smoothgrad_x_input,bce_dice,smoothgrad_x_input__bce_dice,0.6528,0.7695985537528992,-1.196083029085139,69.2,69.19999999999999,58.8
14,/home/ryreu/guided_cnn/logsRedMeat/guided_redmeat_optim_grid_21069332/checkpoints/resnet50_redmeat_final_kl6_attn93_20260227_112322.pth,0,ig,fwd_kl,ig__fwd_kl,0.6704,1.1634000484466553,-1.563280778260919,71.44,71.44,45.6
14,/home/ryreu/guided_cnn/logsRedMeat/guided_redmeat_optim_grid_21069332/checkpoints/resnet50_redmeat_final_kl6_attn93_20260227_112322.pth,0,ig,rev_kl,ig__rev_kl,0.6704,7.836517916870117,-8.236398646684382,71.44,71.44,45.6
14,/home/ryreu/guided_cnn/logsRedMeat/guided_redmeat_optim_grid_21069332/checkpoints/resnet50_redmeat_final_kl6_attn93_20260227_112322.pth,0,ig,jsd,ig__jsd,0.6704,0.27503679423332217,-0.674917524047586,71.44,71.44,45.6
14,/home/ryreu/guided_cnn/logsRedMeat/guided_redmeat_optim_grid_21069332/checkpoints/resnet50_redmeat_final_kl6_attn93_20260227_112322.pth,0,ig,bce_dice,ig__bce_dice,0.6704,0.9269191625595092,-1.326799892373773,71.44,71.44,45.6
14,/home/ryreu/guided_cnn/logsRedMeat/guided_redmeat_optim_grid_21069332/checkpoints/resnet50_redmeat_final_kl6_attn93_20260227_112322.pth,0,grad_abs,fwd_kl,grad_abs__fwd_kl,0.6704,1.013857380104065,-1.4137381099183286,71.44,71.44,45.6
14,/home/ryreu/guided_cnn/logsRedMeat/guided_redmeat_optim_grid_21069332/checkpoints/resnet50_redmeat_final_kl6_attn93_20260227_112322.pth,0,grad_abs,rev_kl,grad_abs__rev_kl,0.6704,7.170285350036621,-7.5701660798508845,71.44,71.44,45.6
14,/home/ryreu/guided_cnn/logsRedMeat/guided_redmeat_optim_grid_21069332/checkpoints/resnet50_redmeat_final_kl6_attn93_20260227_112322.pth,0,grad_abs,jsd,grad_abs__jsd,0.6704,0.249368558549881,-0.6492492883641447,71.44,71.44,45.6
14,/home/ryreu/guided_cnn/logsRedMeat/guided_redmeat_optim_grid_21069332/checkpoints/resnet50_redmeat_final_kl6_attn93_20260227_112322.pth,0,grad_abs,bce_dice,grad_abs__bce_dice,0.6704,0.8859790860176087,-1.2858598158318724,71.44,71.44,45.6
14,/home/ryreu/guided_cnn/logsRedMeat/guided_redmeat_optim_grid_21069332/checkpoints/resnet50_redmeat_final_kl6_attn93_20260227_112322.pth,0,grad_x_input,fwd_kl,grad_x_input__fwd_kl,0.6704,1.1619219829559326,-1.5618027127701963,71.44,71.44,45.6
14,/home/ryreu/guided_cnn/logsRedMeat/guided_redmeat_optim_grid_21069332/checkpoints/resnet50_redmeat_final_kl6_attn93_20260227_112322.pth,0,grad_x_input,rev_kl,grad_x_input__rev_kl,0.6704,7.417017585754395,-7.816898315568658,71.44,71.44,45.6
14,/home/ryreu/guided_cnn/logsRedMeat/guided_redmeat_optim_grid_21069332/checkpoints/resnet50_redmeat_final_kl6_attn93_20260227_112322.pth,0,grad_x_input,jsd,grad_x_input__jsd,0.6704,0.2697413344860077,-0.6696220643002715,71.44,71.44,45.6
14,/home/ryreu/guided_cnn/logsRedMeat/guided_redmeat_optim_grid_21069332/checkpoints/resnet50_redmeat_final_kl6_attn93_20260227_112322.pth,0,grad_x_input,bce_dice,grad_x_input__bce_dice,0.6704,0.9541590850830078,-1.3540398148972717,71.44,71.44,45.6
14,/home/ryreu/guided_cnn/logsRedMeat/guided_redmeat_optim_grid_21069332/checkpoints/resnet50_redmeat_final_kl6_attn93_20260227_112322.pth,0,smoothgrad,fwd_kl,smoothgrad__fwd_kl,0.6704,0.8718641407012939,-1.2717448705155576,71.44,71.44,45.6
14,/home/ryreu/guided_cnn/logsRedMeat/guided_redmeat_optim_grid_21069332/checkpoints/resnet50_redmeat_final_kl6_attn93_20260227_112322.pth,0,smoothgrad,rev_kl,smoothgrad__rev_kl,0.6704,7.2237348495483396,-7.623615579362603,71.44,71.44,45.6
14,/home/ryreu/guided_cnn/logsRedMeat/guided_redmeat_optim_grid_21069332/checkpoints/resnet50_redmeat_final_kl6_attn93_20260227_112322.pth,0,smoothgrad,jsd,smoothgrad__jsd,0.6704,0.2305469584465027,-0.6304276882607665,71.44,71.44,45.6
14,/home/ryreu/guided_cnn/logsRedMeat/guided_redmeat_optim_grid_21069332/checkpoints/resnet50_redmeat_final_kl6_attn93_20260227_112322.pth,0,smoothgrad,bce_dice,smoothgrad__bce_dice,0.6704,0.7477097888946533,-1.147590518708917,71.44,71.44,45.6
14,/home/ryreu/guided_cnn/logsRedMeat/guided_redmeat_optim_grid_21069332/checkpoints/resnet50_redmeat_final_kl6_attn93_20260227_112322.pth,0,smoothgrad_x_input,fwd_kl,smoothgrad_x_input__fwd_kl,0.6704,1.0077463266372682,-1.4076270564515319,71.44,71.44,45.6
14,/home/ryreu/guided_cnn/logsRedMeat/guided_redmeat_optim_grid_21069332/checkpoints/resnet50_redmeat_final_kl6_attn93_20260227_112322.pth,0,smoothgrad_x_input,rev_kl,smoothgrad_x_input__rev_kl,0.6704,7.457721499633789,-7.8576022294480525,71.44,71.44,45.6
14,/home/ryreu/guided_cnn/logsRedMeat/guided_redmeat_optim_grid_21069332/checkpoints/resnet50_redmeat_final_kl6_attn93_20260227_112322.pth,0,smoothgrad_x_input,jsd,smoothgrad_x_input__jsd,0.6704,0.25014029006958005,-0.6500210198838439,71.44,71.44,45.6
14,/home/ryreu/guided_cnn/logsRedMeat/guided_redmeat_optim_grid_21069332/checkpoints/resnet50_redmeat_final_kl6_attn93_20260227_112322.pth,0,smoothgrad_x_input,bce_dice,smoothgrad_x_input__bce_dice,0.6704,0.8114840166091919,-1.2113647464234556,71.44,71.44,45.6
15,/home/ryreu/guided_cnn/logsRedMeat/guided_redmeat_optim_grid_21069332/checkpoints/resnet50_redmeat_final_kl9_attn87_20260227_114854.pth,0,ig,fwd_kl,ig__fwd_kl,0.6104,1.465901028251648,-1.9595418272635379,64.56,64.56,34.8
15,/home/ryreu/guided_cnn/logsRedMeat/guided_redmeat_optim_grid_21069332/checkpoints/resnet50_redmeat_final_kl9_attn87_20260227_114854.pth,0,ig,rev_kl,ig__rev_kl,0.6104,10.094520233154297,-10.588161032166187,64.56,64.56,34.8
15,/home/ryreu/guided_cnn/logsRedMeat/guided_redmeat_optim_grid_21069332/checkpoints/resnet50_redmeat_final_kl9_attn87_20260227_114854.pth,0,ig,jsd,ig__jsd,0.6104,0.33943287725448607,-0.8330736762663757,64.56,64.56,34.8
15,/home/ryreu/guided_cnn/logsRedMeat/guided_redmeat_optim_grid_21069332/checkpoints/resnet50_redmeat_final_kl9_attn87_20260227_114854.pth,0,ig,bce_dice,ig__bce_dice,0.6104,0.9512479444503784,-1.4448887434622681,64.56,64.56,34.8
15,/home/ryreu/guided_cnn/logsRedMeat/guided_redmeat_optim_grid_21069332/checkpoints/resnet50_redmeat_final_kl9_attn87_20260227_114854.pth,0,grad_abs,fwd_kl,grad_abs__fwd_kl,0.6104,1.374666572189331,-1.8683073712012206,64.56,64.56,34.8
15,/home/ryreu/guided_cnn/logsRedMeat/guided_redmeat_optim_grid_21069332/checkpoints/resnet50_redmeat_final_kl9_attn87_20260227_114854.pth,0,grad_abs,rev_kl,grad_abs__rev_kl,0.6104,10.10591909942627,-10.59955989843816,64.56,64.56,34.8
15,/home/ryreu/guided_cnn/logsRedMeat/guided_redmeat_optim_grid_21069332/checkpoints/resnet50_redmeat_final_kl9_attn87_20260227_114854.pth,0,grad_abs,jsd,grad_abs__jsd,0.6104,0.3320547291755676,-0.8256955281874574,64.56,64.56,34.8
15,/home/ryreu/guided_cnn/logsRedMeat/guided_redmeat_optim_grid_21069332/checkpoints/resnet50_redmeat_final_kl9_attn87_20260227_114854.pth,0,grad_abs,bce_dice,grad_abs__bce_dice,0.6104,0.9046228143692017,-1.3982636133810913,64.56,64.56,34.8
15,/home/ryreu/guided_cnn/logsRedMeat/guided_redmeat_optim_grid_21069332/checkpoints/resnet50_redmeat_final_kl9_attn87_20260227_114854.pth,0,grad_x_input,fwd_kl,grad_x_input__fwd_kl,0.6104,1.5494312702178956,-2.0430720692297855,64.56,64.56,34.8
15,/home/ryreu/guided_cnn/logsRedMeat/guided_redmeat_optim_grid_21069332/checkpoints/resnet50_redmeat_final_kl9_attn87_20260227_114854.pth,0,grad_x_input,rev_kl,grad_x_input__rev_kl,0.6104,10.467010710144043,-10.960651509155934,64.56,64.56,34.8
15,/home/ryreu/guided_cnn/logsRedMeat/guided_redmeat_optim_grid_21069332/checkpoints/resnet50_redmeat_final_kl9_attn87_20260227_114854.pth,0,grad_x_input,jsd,grad_x_input__jsd,0.6104,0.35263906750679014,-0.8462798665186799,64.56,64.56,34.8
15,/home/ryreu/guided_cnn/logsRedMeat/guided_redmeat_optim_grid_21069332/checkpoints/resnet50_redmeat_final_kl9_attn87_20260227_114854.pth,0,grad_x_input,bce_dice,grad_x_input__bce_dice,0.6104,0.9856119972229004,-1.4792527962347901,64.56,64.56,34.8
15,/home/ryreu/guided_cnn/logsRedMeat/guided_redmeat_optim_grid_21069332/checkpoints/resnet50_redmeat_final_kl9_attn87_20260227_114854.pth,0,smoothgrad,fwd_kl,smoothgrad__fwd_kl,0.6104,1.1192005498886108,-1.6128413489005005,64.56,64.56,34.8
15,/home/ryreu/guided_cnn/logsRedMeat/guided_redmeat_optim_grid_21069332/checkpoints/resnet50_redmeat_final_kl9_attn87_20260227_114854.pth,0,smoothgrad,rev_kl,smoothgrad__rev_kl,0.6104,9.493028219604492,-9.986669018616382,64.56,64.56,34.8
15,/home/ryreu/guided_cnn/logsRedMeat/guided_redmeat_optim_grid_21069332/checkpoints/resnet50_redmeat_final_kl9_attn87_20260227_114854.pth,0,smoothgrad,jsd,smoothgrad__jsd,0.6104,0.29541728019714353,-0.7890580792090333,64.56,64.56,34.8
15,/home/ryreu/guided_cnn/logsRedMeat/guided_redmeat_optim_grid_21069332/checkpoints/resnet50_redmeat_final_kl9_attn87_20260227_114854.pth,0,smoothgrad,bce_dice,smoothgrad__bce_dice,0.6104,0.7296540121078491,-1.2232948111197388,64.56,64.56,34.8
15,/home/ryreu/guided_cnn/logsRedMeat/guided_redmeat_optim_grid_21069332/checkpoints/resnet50_redmeat_final_kl9_attn87_20260227_114854.pth,0,smoothgrad_x_input,fwd_kl,smoothgrad_x_input__fwd_kl,0.6104,1.261594476699829,-1.7552352757117187,64.56,64.56,34.8
15,/home/ryreu/guided_cnn/logsRedMeat/guided_redmeat_optim_grid_21069332/checkpoints/resnet50_redmeat_final_kl9_attn87_20260227_114854.pth,0,smoothgrad_x_input,rev_kl,smoothgrad_x_input__rev_kl,0.6104,9.803690357971192,-10.297331156983082,64.56,64.56,34.8
15,/home/ryreu/guided_cnn/logsRedMeat/guided_redmeat_optim_grid_21069332/checkpoints/resnet50_redmeat_final_kl9_attn87_20260227_114854.pth,0,smoothgrad_x_input,jsd,smoothgrad_x_input__jsd,0.6104,0.3141133087158203,-0.8077541077277101,64.56,64.56,34.8
15,/home/ryreu/guided_cnn/logsRedMeat/guided_redmeat_optim_grid_21069332/checkpoints/resnet50_redmeat_final_kl9_attn87_20260227_114854.pth,0,smoothgrad_x_input,bce_dice,smoothgrad_x_input__bce_dice,0.6104,0.7861639318466187,-1.2798047308585083,64.56,64.56,34.8
16,/home/ryreu/guided_cnn/logsRedMeat/guided_redmeat_optim_grid_21069332/checkpoints/resnet50_redmeat_final_kl377_attn61_20260227_121400.pth,0,ig,fwd_kl,ig__fwd_kl,0.524,1.7475992572784425,-2.393862851939537,57.12,57.11999999999999,24.0
16,/home/ryreu/guided_cnn/logsRedMeat/guided_redmeat_optim_grid_21069332/checkpoints/resnet50_redmeat_final_kl377_attn61_20260227_121400.pth,0,ig,rev_kl,ig__rev_kl,0.524,11.658202967834473,-12.304466562495568,57.12,57.11999999999999,24.0
16,/home/ryreu/guided_cnn/logsRedMeat/guided_redmeat_optim_grid_21069332/checkpoints/resnet50_redmeat_final_kl377_attn61_20260227_121400.pth,0,ig,jsd,ig__jsd,0.524,0.3911004725456238,-1.0373640672067186,57.12,57.11999999999999,24.0
16,/home/ryreu/guided_cnn/logsRedMeat/guided_redmeat_optim_grid_21069332/checkpoints/resnet50_redmeat_final_kl377_attn61_20260227_121400.pth,0,ig,bce_dice,ig__bce_dice,0.524,0.9986407539367675,-1.6449043485978625,57.12,57.11999999999999,24.0
16,/home/ryreu/guided_cnn/logsRedMeat/guided_redmeat_optim_grid_21069332/checkpoints/resnet50_redmeat_final_kl377_attn61_20260227_121400.pth,0,grad_abs,fwd_kl,grad_abs__fwd_kl,0.524,1.781488070487976,-2.4277516651490707,57.12,57.11999999999999,24.0
16,/home/ryreu/guided_cnn/logsRedMeat/guided_redmeat_optim_grid_21069332/checkpoints/resnet50_redmeat_final_kl377_attn61_20260227_121400.pth,0,grad_abs,rev_kl,grad_abs__rev_kl,0.524,11.750176730346679,-12.396440325007774,57.12,57.11999999999999,24.0
16,/home/ryreu/guided_cnn/logsRedMeat/guided_redmeat_optim_grid_21069332/checkpoints/resnet50_redmeat_final_kl377_attn61_20260227_121400.pth,0,grad_abs,jsd,grad_abs__jsd,0.524,0.3966865927696228,-1.0429501874307177,57.12,57.11999999999999,24.0
16,/home/ryreu/guided_cnn/logsRedMeat/guided_redmeat_optim_grid_21069332/checkpoints/resnet50_redmeat_final_kl377_attn61_20260227_121400.pth,0,grad_abs,bce_dice,grad_abs__bce_dice,0.524,1.0095368968963623,-1.6558004915574571,57.12,57.11999999999999,24.0
16,/home/ryreu/guided_cnn/logsRedMeat/guided_redmeat_optim_grid_21069332/checkpoints/resnet50_redmeat_final_kl377_attn61_20260227_121400.pth,0,grad_x_input,fwd_kl,grad_x_input__fwd_kl,0.524,1.9083745307922364,-2.554638125453331,57.12,57.11999999999999,24.0
16,/home/ryreu/guided_cnn/logsRedMeat/guided_redmeat_optim_grid_21069332/checkpoints/resnet50_redmeat_final_kl377_attn61_20260227_121400.pth,0,grad_x_input,rev_kl,grad_x_input__rev_kl,0.524,11.974081353759766,-12.620344948420861,57.12,57.11999999999999,24.0
16,/home/ryreu/guided_cnn/logsRedMeat/guided_redmeat_optim_grid_21069332/checkpoints/resnet50_redmeat_final_kl377_attn61_20260227_121400.pth,0,grad_x_input,jsd,grad_x_input__jsd,0.524,0.4081604006767273,-1.0544239953378223,57.12,57.11999999999999,24.0
16,/home/ryreu/guided_cnn/logsRedMeat/guided_redmeat_optim_grid_21069332/checkpoints/resnet50_redmeat_final_kl377_attn61_20260227_121400.pth,0,grad_x_input,bce_dice,grad_x_input__bce_dice,0.524,1.0591700080871582,-1.705433602748253,57.12,57.11999999999999,24.0
16,/home/ryreu/guided_cnn/logsRedMeat/guided_redmeat_optim_grid_21069332/checkpoints/resnet50_redmeat_final_kl377_attn61_20260227_121400.pth,0,smoothgrad,fwd_kl,smoothgrad__fwd_kl,0.524,1.6734136119842529,-2.3196772066453475,57.12,57.11999999999999,24.0
16,/home/ryreu/guided_cnn/logsRedMeat/guided_redmeat_optim_grid_21069332/checkpoints/resnet50_redmeat_final_kl377_attn61_20260227_121400.pth,0,smoothgrad,rev_kl,smoothgrad__rev_kl,0.524,11.771758966064453,-12.418022560725548,57.12,57.11999999999999,24.0
16,/home/ryreu/guided_cnn/logsRedMeat/guided_redmeat_optim_grid_21069332/checkpoints/resnet50_redmeat_final_kl377_attn61_20260227_121400.pth,0,smoothgrad,jsd,smoothgrad__jsd,0.524,0.3898138358592987,-1.0360774305203935,57.12,57.11999999999999,24.0
16,/home/ryreu/guided_cnn/logsRedMeat/guided_redmeat_optim_grid_21069332/checkpoints/resnet50_redmeat_final_kl377_attn61_20260227_121400.pth,0,smoothgrad,bce_dice,smoothgrad__bce_dice,0.524,0.9320606126785278,-1.5783242073396226,57.12,57.11999999999999,24.0
16,/home/ryreu/guided_cnn/logsRedMeat/guided_redmeat_optim_grid_21069332/checkpoints/resnet50_redmeat_final_kl377_attn61_20260227_121400.pth,0,smoothgrad_x_input,fwd_kl,smoothgrad_x_input__fwd_kl,0.524,1.7897914054870605,-2.4360550001481553,57.12,57.11999999999999,24.0
16,/home/ryreu/guided_cnn/logsRedMeat/guided_redmeat_optim_grid_21069332/checkpoints/resnet50_redmeat_final_kl377_attn61_20260227_121400.pth,0,smoothgrad_x_input,rev_kl,smoothgrad_x_input__rev_kl,0.524,12.000234678649903,-12.646498273310998,57.12,57.11999999999999,24.0
16,/home/ryreu/guided_cnn/logsRedMeat/guided_redmeat_optim_grid_21069332/checkpoints/resnet50_redmeat_final_kl377_attn61_20260227_121400.pth,0,smoothgrad_x_input,jsd,smoothgrad_x_input__jsd,0.524,0.40105678639411924,-1.047320381055214,57.12,57.11999999999999,24.0
16,/home/ryreu/guided_cnn/logsRedMeat/guided_redmeat_optim_grid_21069332/checkpoints/resnet50_redmeat_final_kl377_attn61_20260227_121400.pth,0,smoothgrad_x_input,bce_dice,smoothgrad_x_input__bce_dice,0.524,0.9741019590377807,-1.6203655536988757,57.12,57.11999999999999,24.0
17,/home/ryreu/guided_cnn/logsRedMeat/guided_redmeat_optim_grid_21069332/checkpoints/resnet50_redmeat_final_kl484_attn66_20260227_123912.pth,0,ig,fwd_kl,ig__fwd_kl,0.3096,1.683878546142578,-2.856352683409143,31.12,31.120000000000005,7.199999999999999
17,/home/ryreu/guided_cnn/logsRedMeat/guided_redmeat_optim_grid_21069332/checkpoints/resnet50_redmeat_final_kl484_attn66_20260227_123912.pth,0,ig,rev_kl,ig__rev_kl,0.3096,10.296593310546875,-11.46906744781344,31.12,31.120000000000005,7.199999999999999
17,/home/ryreu/guided_cnn/logsRedMeat/guided_redmeat_optim_grid_21069332/checkpoints/resnet50_redmeat_final_kl484_attn66_20260227_123912.pth,0,ig,jsd,ig__jsd,0.3096,0.36116633520126346,-1.5336404724678285,31.12,31.120000000000005,7.199999999999999
17,/home/ryreu/guided_cnn/logsRedMeat/guided_redmeat_optim_grid_21069332/checkpoints/resnet50_redmeat_final_kl484_attn66_20260227_123912.pth,0,ig,bce_dice,ig__bce_dice,0.3096,1.0453944221496583,-2.2178685594162233,31.12,31.120000000000005,7.199999999999999
17,/home/ryreu/guided_cnn/logsRedMeat/guided_redmeat_optim_grid_21069332/checkpoints/resnet50_redmeat_final_kl484_attn66_20260227_123912.pth,0,grad_abs,fwd_kl,grad_abs__fwd_kl,0.3096,2.038730815887451,-3.211204953154016,31.12,31.120000000000005,7.199999999999999
17,/home/ryreu/guided_cnn/logsRedMeat/guided_redmeat_optim_grid_21069332/checkpoints/resnet50_redmeat_final_kl484_attn66_20260227_123912.pth,0,grad_abs,rev_kl,grad_abs__rev_kl,0.3096,11.79891619720459,-12.971390334471156,31.12,31.120000000000005,7.199999999999999
17,/home/ryreu/guided_cnn/logsRedMeat/guided_redmeat_optim_grid_21069332/checkpoints/resnet50_redmeat_final_kl484_attn66_20260227_123912.pth,0,grad_abs,jsd,grad_abs__jsd,0.3096,0.41592127780914306,-1.588395415075708,31.12,31.120000000000005,7.199999999999999
17,/home/ryreu/guided_cnn/logsRedMeat/guided_redmeat_optim_grid_21069332/checkpoints/resnet50_redmeat_final_kl484_attn66_20260227_123912.pth,0,grad_abs,bce_dice,grad_abs__bce_dice,0.3096,1.1602801574707031,-2.332754294737268,31.12,31.120000000000005,7.199999999999999
17,/home/ryreu/guided_cnn/logsRedMeat/guided_redmeat_optim_grid_21069332/checkpoints/resnet50_redmeat_final_kl484_attn66_20260227_123912.pth,0,grad_x_input,fwd_kl,grad_x_input__fwd_kl,0.3096,2.1448450561523438,-3.317319193418909,31.12,31.120000000000005,7.199999999999999
17,/home/ryreu/guided_cnn/logsRedMeat/guided_redmeat_optim_grid_21069332/checkpoints/resnet50_redmeat_final_kl484_attn66_20260227_123912.pth,0,grad_x_input,rev_kl,grad_x_input__rev_kl,0.3096,12.014764837646485,-13.18723897491305,31.12,31.120000000000005,7.199999999999999
17,/home/ryreu/guided_cnn/logsRedMeat/guided_redmeat_optim_grid_21069332/checkpoints/resnet50_redmeat_final_kl484_attn66_20260227_123912.pth,0,grad_x_input,jsd,grad_x_input__jsd,0.3096,0.42523005390167234,-1.5977041911682375,31.12,31.120000000000005,7.199999999999999
17,/home/ryreu/guided_cnn/logsRedMeat/guided_redmeat_optim_grid_21069332/checkpoints/resnet50_redmeat_final_kl484_attn66_20260227_123912.pth,0,grad_x_input,bce_dice,grad_x_input__bce_dice,0.3096,1.188102975845337,-2.360577113111902,31.12,31.120000000000005,7.199999999999999
17,/home/ryreu/guided_cnn/logsRedMeat/guided_redmeat_optim_grid_21069332/checkpoints/resnet50_redmeat_final_kl484_attn66_20260227_123912.pth,0,smoothgrad,fwd_kl,smoothgrad__fwd_kl,0.3096,1.94655304107666,-3.119027178343225,31.12,31.120000000000005,7.199999999999999
17,/home/ryreu/guided_cnn/logsRedMeat/guided_redmeat_optim_grid_21069332/checkpoints/resnet50_redmeat_final_kl484_attn66_20260227_123912.pth,0,smoothgrad,rev_kl,smoothgrad__rev_kl,0.3096,11.820529385375977,-12.993003522642542,31.12,31.120000000000005,7.199999999999999
17,/home/ryreu/guided_cnn/logsRedMeat/guided_redmeat_optim_grid_21069332/checkpoints/resnet50_redmeat_final_kl484_attn66_20260227_123912.pth,0,smoothgrad,jsd,smoothgrad__jsd,0.3096,0.410785959815979,-1.583260097082544,31.12,31.120000000000005,7.199999999999999
17,/home/ryreu/guided_cnn/logsRedMeat/guided_redmeat_optim_grid_21069332/checkpoints/resnet50_redmeat_final_kl484_attn66_20260227_123912.pth,0,smoothgrad,bce_dice,smoothgrad__bce_dice,0.3096,1.1028585670471192,-2.2753327043136844,31.12,31.120000000000005,7.199999999999999
17,/home/ryreu/guided_cnn/logsRedMeat/guided_redmeat_optim_grid_21069332/checkpoints/resnet50_redmeat_final_kl484_attn66_20260227_123912.pth,0,smoothgrad_x_input,fwd_kl,smoothgrad_x_input__fwd_kl,0.3096,2.039453894042969,-3.211928031309534,31.12,31.120000000000005,7.199999999999999
17,/home/ryreu/guided_cnn/logsRedMeat/guided_redmeat_optim_grid_21069332/checkpoints/resnet50_redmeat_final_kl484_attn66_20260227_123912.pth,0,smoothgrad_x_input,rev_kl,smoothgrad_x_input__rev_kl,0.3096,12.024025144958497,-13.196499282225062,31.12,31.120000000000005,7.199999999999999
17,/home/ryreu/guided_cnn/logsRedMeat/guided_redmeat_optim_grid_21069332/checkpoints/resnet50_redmeat_final_kl484_attn66_20260227_123912.pth,0,smoothgrad_x_input,jsd,smoothgrad_x_input__jsd,0.3096,0.41937564425468443,-1.5918497815212493,31.12,31.120000000000005,7.199999999999999
17,/home/ryreu/guided_cnn/logsRedMeat/guided_redmeat_optim_grid_21069332/checkpoints/resnet50_redmeat_final_kl484_attn66_20260227_123912.pth,0,smoothgrad_x_input,bce_dice,smoothgrad_x_input__bce_dice,0.3096,1.1268317623138429,-2.299305899580408,31.12,31.120000000000005,7.199999999999999
